type,title,year,genre,owner_id
Movie,Sanam Teri Kasam,2009,Action,tt0205380
Movie,Chinango,2009,Action,tt0312958
Movie,Blood and Bone,2009,Action,tt0346631
Movie,Whiteout,2009,Action,tt0365929
Movie,Sterling: The Secret of the Lost Medallion,2009,Action,tt0373340
Movie,Astro Boy,2009,Action,tt0375568
Movie,Watchmen,2009,Action,tt0409459
Movie,Harry Potter en de halfbloed prins,2009,Action,tt0417741
Movie,Royal Kill,2009,Action,tt0421237
Movie,Tekken,2010,Action,tt0411951
Movie,Venus & Vegas,2010,Action,tt0423474
Movie,The A-Team,2010,Action,tt0429493
Movie,Segurança Nacional,2010,Action,tt0439801
Movie,Scott Pilgrim vs. the World,2010,Action,tt0446029
Movie,Taken by Force,2010,Action,tt0465637
Movie,"Guns, Drugs and Dirty Money",2010,Action,tt0464032
Movie,Komaram Puli,2010,Action,tt0464162
Movie,Spy,2011,Action,tt0372538
Movie,Cowboys & Aliens,2011,Action,tt0409847
Movie,Real Steel,2011,Action,tt0433035
Movie,Captain America: The First Avenger,2011,Action,tt0458339
Movie,Platinum Illusions,2011,Action,tt0469158
Movie,The Mechanic,2011,Action,tt0472399
Movie,Tower Heist,2011,Action,tt0471042
Movie,Season of the Witch,2011,Action,tt0479997
Movie,Foodfight!,2012,Action,tt0249516
Movie,John Carter,2012,Action,tt0401729
Movie,Clutch,2012,Action,tt0475239
Movie,Red Tails,2012,Action,tt0485985
Movie,Jack Reacher,2012,Action,tt0790724
Movie,Gallowwalkers,2012,Action,tt0829176
Movie,The Avengers,2012,Action,tt0848228
Movie,The Sweeney,2012,Action,tt0857190
Movie,Evangelion Shin Gekijôban: Kyu,2012,Action,tt0860907
Movie,The Amazing Spider-Man 3D,2012,Action,tt0948470
Movie,Alan Partridge: Alpha Papa,2013,Action,tt0469021
Movie,Without Warrant,2013,Action,tt0479700
Movie,Prisoners of the Sun,2013,Action,tt0496375
Movie,Man of Steel,2013,Action,tt0770828
Movie,R.I.P.D.,2013,Action,tt0790736
Movie,World War Z,2013,Action,tt0816711
Movie,The Power of Few,2013,Action,tt0817545
Movie,Epic,2013,Action,tt0848537
Movie,Snitch,2013,Action,tt0882977
Movie,Instruments of Darkness,2014,Action,tt0338258
Movie,A Walk Among the Tombstones,2014,Action,tt0365907
Movie,Action Jackson,2014,Action,tt0403935
Movie,The Equalizer,2014,Action,tt0455944
Movie,Sin City: A Dame to Kill For,2014,Action,tt0458481
Movie,Dil Ka Sauda,2014,Action,tt0485535
Movie,Jersey Justice,2014,Action,tt0772175
Movie,Dracula Untold,2014,Action,tt0829150
Movie,Godzilla,2014,Action,tt0831387
Movie,Electric Slide,2014,Action,tt0835775
Movie,Jurassic World,2015,Action,tt0369610
Movie,Ant-Man,2015,Action,tt0478970
Short,Oscar Buzz,2015,Action,tt10004934
Movie,Wazir,2016,Action,tt0315642
Movie,Aman Ke Farishtey,2016,Action,tt0364201
Movie,Cell,2016,Action,tt0775440
Movie,Warcraft,2016,Action,tt0803096
Movie,Maximum Ride,2016,Action,tt0825283
Movie,The Legend of Tarzan,2016,Action,tt0918940
Movie,Wonder Woman,2017,Action,tt0451279
Movie,CHIPS,2017,Action,tt0493405
Movie,Justice League,2017,Action,tt0974015
Movie,Green Brothers,2017,Action,tt10010820
Short,Red Wrath,2017,Action,tt10015186
Movie,Nagarsevak - Ek Nayak,2017,Action,tt10028030
Short,Spider-Man Fan Film - Film Form Studios,2017,Action,tt10042774
Movie,To Chase a Million,2018,Action,tt0276568
Short,Crossing: 2036,2018,Action,tt10003376
Movie,Tötet nicht mehr,2019,Action,tt0011801
Movie,Alita: Battle Angel,2019,Action,tt0437086
Movie,Danger Close: The Battle of Long Tan,2019,Action,tt0441881
Movie,Shazam!,2019,Action,tt0448115
Short,Skillet,2019,Action,tt10004182
Movie,Duel of Legends,2020,Action,tt0849437
Movie,Road to Red,2020,Action,tt0926132
Movie,Fantasy Island,2020,Action,tt0983946
Short,Like.Share.Repost.,2020,Action,tt10011184
Movie,Hunted,2020,Action,tt10011228
Movie,Mortal Kombat,2021,Action,tt0293429
Movie,Without Remorse,2021,Action,tt0499097
Movie,Z,2021,Action,tt0818543
Movie,Jungle Cruise,2021,Action,tt0870154
Movie,Army of the Dead,2021,Action,tt0993840
Movie,Chinese Speaking Vampires,2021,Action,tt10005622
Movie,Preman,2021,Action,tt10011002
Short,Bad Rap Rising,2021,Action,tt10036186
Movie,Badlander,2021,Action,tt10044610
Movie,Vaa Deal,2021,Action,tt10050150
Movie,Satria Dewa: Gatotkaca,2022,Action,tt10090058
Movie,Im Westen nichts Neues,2022,Action,tt1016150
Movie,Bullet Proof,2022,Action,tt10198564
Short,Stalking Elvis,2022,Action,tt10257354
Movie,The Flash,2023,Action,tt0439572
Movie,Shazam! Fury of the Gods,2023,Action,tt10151854
Movie,Multiverso,2024,Action,tt10225380
Movie,Detour 95,2024,Action,tt10844184
Movie,The Legend of Johnny Jones,2024,Action,tt10928904
Movie,Slasher House 3,2024,Action,tt11078340
Movie,Clank and the Golden Scar,2024,Action,tt11374514
Short,I Miss Sonia Henie,2009,Comedy,tt0067230
Movie,Rózsaszín sajt,2009,Comedy,tt0153140
Movie,El reino de los cielos,2009,Comedy,tt0288190
Movie,Unter Strom,2009,Comedy,tt0304876
Movie,Railed,2009,Comedy,tt0311698
Movie,Chinango,2009,Comedy,tt0312958
Movie,Los muertos van deprisa,2009,Comedy,tt0353765
Movie,Two-Minute Heist,2009,Comedy,tt0365873
Movie,Astro Boy,2009,Comedy,tt0375568
Movie,This Wretched Life,2010,Comedy,tt0331312
Movie,Blind Sided,2010,Comedy,tt0337882
Movie,Anderson's Cross,2010,Comedy,tt0393049
Movie,Rapunzel,2010,Comedy,tt0398286
Movie,Venus & Vegas,2010,Comedy,tt0423474
Movie,Dinner for Schmucks,2010,Comedy,tt0427152
Movie,Toy Story 3,2010,Comedy,tt0435761
Movie,Diary of a Bad Lad,2010,Comedy,tt0449005
Movie,Scott Pilgrim vs. the World,2010,Comedy,tt0446029
Movie,The Rum Diary,2011,Comedy,tt0376136
Movie,Gnomeo & Juliet,2011,Comedy,tt0377981
Movie,Seven Fallen Objects,2011,Comedy,tt0407194
Movie,Satin,2011,Comedy,tt0433397
Movie,Puss in Boots,2011,Comedy,tt0448694
Movie,Generation P,2011,Comedy,tt0459748
Movie,Salvando al Soldado Pérez,2011,Comedy,tt0461336
Movie,Silent Alarm,2011,Comedy,tt0462536
Movie,Foodfight!,2012,Comedy,tt0249516
Movie,Life's a Beach,2012,Comedy,tt0285252
Movie,The Three Stooges,2012,Comedy,tt0383010
Movie,Gambit,2012,Comedy,tt0404978
Movie,Acorralados,2012,Comedy,tt0426566
Movie,Os Penetras,2012,Comedy,tt0452664
Movie,Persona Au Gratin,2012,Comedy,tt0475360
Movie,Sushi in Suhl,2012,Comedy,tt0485521
Movie,A Thousand Words,2012,Comedy,tt0763831
Movie,Return to Babylon,2013,Comedy,tt0255820
Movie,The Secret Life of Walter Mitty,2013,Comedy,tt0359950
Movie,Blunt Movie,2013,Comedy,tt0452183
Movie,Alan Partridge: Alpha Papa,2013,Comedy,tt0469021
Movie,The Croods,2013,Comedy,tt0481499
Movie,Aftermath,2013,Comedy,tt0490075
Movie,Syrup,2013,Comedy,tt0762138
Movie,Santorini Blue,2013,Comedy,tt0780625
Movie,The Incredible Burt Wonderstone,2013,Comedy,tt0790628
Movie,R.I.P.D.,2013,Comedy,tt0790736
Movie,Frivolinas,2014,Comedy,tt0016906
Short,The Fresh Lobster,2014,Comedy,tt0168809
Movie,Rice Girl,2014,Comedy,tt0329539
Movie,Before We Go,2014,Comedy,tt0443465
Movie,A Long Way Down,2014,Comedy,tt0458413
Movie,Kid Cannabis,2014,Comedy,tt0780548
Movie,The Boxtrolls,2014,Comedy,tt0787474
Movie,Rupan sansei,2014,Comedy,tt0862748
Movie,Mr. Peabody & Sherman,2014,Comedy,tt0864835
Movie,Soapte de amor,2015,Comedy,tt0191476
Movie,Transeúntes,2015,Comedy,tt0346045
Short,Prozac tango,2015,Comedy,tt0420097
Movie,Ant-Man,2015,Comedy,tt0478970
Movie,The Wedding Ringer,2015,Comedy,tt0884732
Short,The Sexlife of a Chair,2016,Comedy,tt0357159
Short,Cowboys: Outrage!,2016,Comedy,tt0359111
Short,Cowboys: That's Nothin',2016,Comedy,tt0359113
Short,Cowboys: The Conformist,2016,Comedy,tt0359114
Short,The Ten Commandments Number 5: Thou Shalt Not Kill,2016,Comedy,tt0373361
Short,Nonkina tosan Yamazaki kaido,2016,Comedy,tt0422842
Short,Career Day,2016,Comedy,tt0461165
Movie,"Hail, Caesar!",2016,Comedy,tt0475290
Movie,Have You Seen Me?,2016,Comedy,tt0765453
Movie,Manhattan Minutiae,2016,Comedy,tt0821486
Movie,Quan jia fu,2017,Comedy,tt0087963
Movie,La telenovela errante,2017,Comedy,tt0100275
Movie,Joe Finds Grace,2017,Comedy,tt0137204
Movie,Bunyan and Babe,2017,Comedy,tt0331314
Movie,Suburbicon,2017,Comedy,tt0491175
Movie,CHIPS,2017,Comedy,tt0493405
Movie,A Thin Life,2018,Comedy,tt0111414
Movie,Nappily Ever After,2018,Comedy,tt0365545
Movie,Shazam!,2019,Comedy,tt0448115
Movie,The Dirt,2019,Comedy,tt0800325
Movie,Surviving in L.A.,2020,Comedy,tt0446792
Movie,The Witches,2020,Comedy,tt0805647
Movie,Jak najdalej stad,2020,Comedy,tt10004368
Short,Paranoia Tapes: URBAN LEGEND,2020,Comedy,tt10005078
Short,The International Style,2021,Comedy,tt0195838
Short,"Oak, Ivy, and Other Dead Elms",2021,Comedy,tt0195957
Movie,'77,2021,Comedy,tt0326716
Movie,Jungle Cruise,2021,Comedy,tt0870154
Movie,F-Word,2021,Comedy,tt10010852
Movie,The 10th Man,2021,Comedy,tt10010874
Short,If I Only had a Name,2021,Comedy,tt10020060
Short,La metafísica del asesino,2021,Comedy,tt10024902
Movie,Milli Vanilli,2022,Comedy,tt0965381
Movie,Laal Singh Chaddha,2022,Comedy,tt10028196
Movie,MobSense,2022,Comedy,tt10029484
Movie,Adventures in Game Chasing,2022,Comedy,tt10035194
Movie,The Christmas Spirit,2022,Comedy,tt10047464
Movie,Sneakerella,2022,Comedy,tt10160886
Movie,Gap Weekend,2022,Comedy,tt10193142
Movie,Shazam! Fury of the Gods,2023,Comedy,tt10151854
Movie,Rapture Camp,2023,Comedy,tt10178004
Movie,Creepers 'R Us,2023,Comedy,tt10305228
Movie,Bad Boy,2023,Comedy,tt10351180
Movie,Miraculous: Filmen om Ladybug & Cat Noir,2023,Comedy,tt10364034
Movie,Pizzodyssey,2024,Comedy,tt10408218
Movie,IF,2024,Comedy,tt11152168
Movie,Apaföld,2009,Drama,tt0143558
Movie,Rózsaszín sajt,2009,Drama,tt0153140
Movie,Sanam Teri Kasam,2009,Drama,tt0205380
Movie,Twice as Dead,2009,Drama,tt0254832
Movie,Railed,2009,Drama,tt0311698
Movie,Coraline,2009,Drama,tt0327597
Movie,Mitsein,2009,Drama,tt0344074
Movie,Blood and Bone,2009,Drama,tt0346631
Movie,Inglourious Basterds,2009,Drama,tt0361748
Movie,The Box,2009,Drama,tt0362478
Movie,Pál Adrienn,2010,Drama,tt0146592
Movie,Oda az igazság,2010,Drama,tt0154039
Movie,A zöld sárkány gyermekei,2010,Drama,tt0162942
Movie,The Final Journey,2010,Drama,tt0230212
Movie,In My Sleep,2010,Drama,tt0326965
Movie,This Wretched Life,2010,Drama,tt0331312
Movie,Blind Sided,2010,Drama,tt0337882
Short,Death of a Nation,2010,Drama,tt0370451
Movie,Az ember tragédiája,2011,Drama,tt0176694
Movie,Los pájaros se van con la muerte,2011,Drama,tt0247643
Movie,Lives No Longer Ours,2011,Drama,tt0311448
Movie,The Wicker Tree,2011,Drama,tt0323808
Movie,Spy,2011,Drama,tt0372538
Movie,The Rum Diary,2011,Drama,tt0376136
Movie,Bubbles,2011,Drama,tt0406282
Movie,On the Road,2012,Drama,tt0337692
Movie,Acorralados,2012,Drama,tt0426566
Movie,Caleuche: El llamado del Mar,2012,Drama,tt0433533
Movie,L'apocalisse delle scimmie,2012,Drama,tt0433787
Movie,Lincoln,2012,Drama,tt0443272
Movie,Life of Pi,2012,Drama,tt0454876
Movie,Being Flynn,2012,Drama,tt0455323
Movie,Return to Babylon,2013,Drama,tt0255820
Movie,The Secret Life of Walter Mitty,2013,Drama,tt0359950
Movie,In Secret,2013,Drama,tt0409379
Short,In absentia,2013,Drama,tt0431830
Movie,42,2013,Drama,tt0453562
Movie,Without Warrant,2013,Drama,tt0479700
Movie,uwantme2killhim?,2013,Drama,tt0485061
Movie,Syrup,2013,Drama,tt0762138
Movie,Santorini Blue,2013,Drama,tt0780625
Movie,Dallas Buyers Club,2013,Drama,tt0790636
Short,Le sacre d'automne,2014,Drama,tt0165933
Movie,Instruments of Darkness,2014,Drama,tt0338258
Movie,A Walk Among the Tombstones,2014,Drama,tt0365907
Movie,The Ninth Cloud,2014,Drama,tt0424859
Movie,The Giver,2014,Drama,tt0435651
Movie,Before We Go,2014,Drama,tt0443465
Movie,A Long Way Down,2014,Drama,tt0458413
Movie,Ex Machina,2014,Drama,tt0470752
Movie,Dil Ka Sauda,2014,Drama,tt0485535
Short,Shulie,2015,Drama,tt0177220
Movie,Snowblind,2015,Drama,tt0297400
Movie,Chatô: O Rei do Brasil,2015,Drama,tt0337926
Movie,Transeúntes,2015,Drama,tt0346045
Movie,The Stanford Prison Experiment,2015,Drama,tt0420293
Movie,High-Rise,2015,Drama,tt0462335
Movie,The Man Who Knew Infinity,2015,Drama,tt0787524
Movie,Miles Ahead,2015,Drama,tt0790770
Movie,The Danish Girl,2015,Drama,tt0810819
Movie,Wazir,2016,Drama,tt0315642
Movie,American Pastoral,2016,Drama,tt0376479
Movie,The History of Love,2016,Drama,tt0443533
Movie,"Tak erkir, tsurt dzmer",2016,Drama,tt0470936
Movie,"Hail, Caesar!",2016,Drama,tt0475290
Movie,Silence,2016,Drama,tt0490215
Movie,Nina,2016,Drama,tt0493076
Movie,Retreat!,2016,Drama,tt0838194
Movie,Quan jia fu,2017,Drama,tt0087963
Movie,La telenovela errante,2017,Drama,tt0100275
Movie,Joe Finds Grace,2017,Drama,tt0137204
Short,Reading Between the Lines,2017,Drama,tt0269768
Movie,The Only Living Boy in New York,2017,Drama,tt0460890
Movie,Tulip Fever,2017,Drama,tt0491203
Movie,Suburbicon,2017,Drama,tt0491175
Movie,Rings,2017,Drama,tt0498381
Movie,Caravaggio and My Mother the Pope,2017,Drama,tt0825334
Movie,Krystal,2017,Drama,tt0835802
Movie,The Other Side of the Wind,2018,Drama,tt0069049
Movie,Reverse Heaven,2018,Drama,tt0192528
Movie,To Chase a Million,2018,Drama,tt0276568
Movie,Aamaar Bhuvan,2018,Drama,tt0328810
Movie,Fahrenheit 451,2018,Drama,tt0360556
Movie,Nappily Ever After,2018,Drama,tt0365545
Movie,A Million Little Pieces,2018,Drama,tt0427543
Movie,La fête espagnole,2019,Drama,tt0011216
Movie,Sha Ou,2019,Drama,tt0083060
Movie,Mariette in Ecstasy,2019,Drama,tt0116991
Movie,Wo men fu fu zhi jian,2019,Drama,tt0339917
Movie,Motherless Brooklyn,2019,Drama,tt0385887
Movie,Danger Close: The Battle of Long Tan,2019,Drama,tt0441881
Movie,The Last Full Measure,2019,Drama,tt0783640
Movie,El Tango del Viudo y Su Espejo Deformante,2020,Drama,tt0062336
Movie,Love & Orgasms,2020,Drama,tt0383477
Movie,Surviving in L.A.,2020,Drama,tt0446792
Movie,Duel of Legends,2020,Drama,tt0849437
Movie,Lost Girls and Love Hotels,2020,Drama,tt0920462
Movie,Mugen ryûkyû tsuru Henrî,2021,Drama,tt0228802
Movie,'77,2021,Drama,tt0326716
Movie,Zamaanat: And Justice for All,2021,Drama,tt0346172
Movie,Z,2021,Drama,tt0818543
Movie,Cosmic Radio,2021,Drama,tt0840306
Movie,A Journal for Jordan,2021,Drama,tt0995854
Movie,Kelti,2021,Drama,tt10003618
Movie,Preman,2021,Drama,tt10011002
Movie,Milli Vanilli,2022,Drama,tt0965381
Short,Kill Switch,2022,Drama,tt10001728
Short,Siempre Yo,2022,Drama,tt10003926
Movie,Laal Singh Chaddha,2022,Drama,tt10028196
Movie,Darkling,2022,Drama,tt10047904
Movie,Charlie Hustle,2022,Drama,tt10049720
Short,Astray,2023,Drama,tt10242552
Movie,Bambi,2023,Drama,tt10298848
Movie,Mom's Coming,2024,Drama,tt10579986
Movie,Love Song and Power,2024,Drama,tt10597228
Movie,Sanam Teri Kasam,2009,Romance,tt0205380
Movie,House of Boys,2009,Romance,tt0405022
Movie,Youth in Revolt,2009,Romance,tt0403702
Movie,Utolsó jelentés Annáról,2009,Romance,tt0407852
Movie,The Perfect Sleep,2009,Romance,tt0435716
Movie,AmerAsian,2009,Romance,tt0437065
Movie,Why George?,2009,Romance,tt0437550
Movie,Kisse Pyaar Karoon?,2009,Romance,tt0438894
Movie,Yesterday Was a Lie,2009,Romance,tt0448182
Movie,Anderson's Cross,2010,Romance,tt0393049
Movie,Rapunzel,2010,Romance,tt0398286
Movie,"Cargo, les hommes perdus.",2010,Romance,tt0437462
Movie,Milenge Milenge,2010,Romance,tt0443331
Movie,Scott Pilgrim vs. the World,2010,Romance,tt0446029
Movie,Piranha 3D,2010,Romance,tt0464154
Movie,Barry Munday,2010,Romance,tt0482461
Movie,Bandeiji,2010,Romance,tt0482459
Movie,Tranced,2010,Romance,tt0499608
Movie,Lives No Longer Ours,2011,Romance,tt0311448
Movie,Gnomeo & Juliet,2011,Romance,tt0377981
Movie,Satin,2011,Romance,tt0433397
Movie,A Bird of the Air,2011,Romance,tt0448022
Movie,Hall Pass,2011,Romance,tt0480687
Movie,Something Borrowed,2011,Romance,tt0491152
Movie,What's Your Number?,2011,Romance,tt0770703
Movie,Till You Get to Baraboo,2011,Romance,tt0770819
Movie,Red Dog,2011,Romance,tt0803061
Movie,On the Road,2012,Romance,tt0337692
Movie,Bad Blood,2012,Romance,tt0495024
Movie,Elliot Loves,2012,Romance,tt0790653
Movie,Belle du Seigneur,2012,Romance,tt0810772
Movie,Jack & Diane,2012,Romance,tt0850677
Movie,Letting Go,2012,Romance,tt0865557
Movie,Jewtopia,2012,Romance,tt0878814
Movie,Strange Frame: Love & Sax,2012,Romance,tt0969345
Movie,The Secret Life of Walter Mitty,2013,Romance,tt0359950
Short,In absentia,2013,Romance,tt0431830
Movie,Blunt Movie,2013,Romance,tt0452183
Movie,Syrup,2013,Romance,tt0762138
Movie,Approaching Midnight,2013,Romance,tt0837559
Movie,The Fallen Word,2013,Romance,tt0843839
Movie,Legend of the Red Reaper,2013,Romance,tt0996958
Movie,Rice Girl,2014,Romance,tt0329539
Movie,The Giver,2014,Romance,tt0435651
Movie,Before We Go,2014,Romance,tt0443465
Movie,Suite Française,2014,Romance,tt0900387
Movie,Life Mein Twist Hai,2014,Romance,tt10006510
Movie,Zvyozdy svetyat vsem,2014,Romance,tt10035404
Short,La scelta,2014,Romance,tt10036828
Movie,Hum tum,2014,Romance,tt10039022
Movie,Miles Ahead,2015,Romance,tt0790770
Movie,The Danish Girl,2015,Romance,tt0810819
Movie,Jackson Arms,2015,Romance,tt0850678
Movie,Chooriyan,2015,Romance,tt0977643
Movie,The History of Love,2016,Romance,tt0443533
Movie,Manhattan Minutiae,2016,Romance,tt0821486
Movie,The Legend of Tarzan,2016,Romance,tt0918940
Movie,Tulip Fever,2017,Romance,tt0491203
Movie,Rings,2017,Romance,tt0498381
Movie,Nappily Ever After,2018,Romance,tt0365545
Movie,Dirt Music,2019,Romance,tt0810836
Short,Kissing Carmen,2019,Romance,tt10001012
Short,Rencontre,2019,Romance,tt10003916
Movie,Surviving in L.A.,2020,Romance,tt0446792
Short,Drop,2020,Romance,tt10023074
Movie,Passion simple,2020,Romance,tt10023172
Movie,Zamaanat: And Justice for All,2021,Romance,tt0346172
Movie,Il materiale emotivo,2021,Romance,tt10072662
Movie,Indiana Jones and the Sanctuary of the Black Order,2021,Romance,tt10075650
Movie,Bole Chudiyan,2021,Romance,tt10083868
Movie,Nomad,2021,Romance,tt10084832
Movie,I Won't Be Home for Christmas,2021,Romance,tt10095332
Movie,The Diary: An Untold Story,2021,Romance,tt10115874
Movie,Poor Lucky Rich Boy,2021,Romance,tt10149976
Movie,Cinderella,2021,Romance,tt10155932
Short,R[evol]ution of Love,2021,Romance,tt10160440
Movie,Laal Singh Chaddha,2022,Romance,tt10028196
Movie,Gap Weekend,2022,Romance,tt10193142
Movie,Wyjdź za mnie,2022,Romance,tt10223460
Short,Stalking Elvis,2022,Romance,tt10257354
Movie,Expired,2022,Romance,tt10295314
Movie,Unplugging,2022,Romance,tt10314040
Movie,Stars at Noon,2022,Romance,tt10354106
Movie,Ek Love Ya,2022,Romance,tt10415494
Movie,Bambi,2023,Romance,tt10298848
Movie,Bad Boy,2023,Romance,tt10351180
Movie,Miraculous: Filmen om Ladybug & Cat Noir,2023,Romance,tt10364034
Movie,Finding Tess,2023,Romance,tt10461964
Short,Amor Y Aceptacion. Volumen I,2023,Romance,tt10686530
Movie,Divine Flames,2023,Romance,tt11218958
Movie,Divine Flames,2023,Romance,tt11226102
Movie,The Out-Laws,2023,Romance,tt11274492
Movie,Untouchable,2024,Romance,tt12794380
Movie,Broken Glass,2024,Romance,tt13036100
Movie,Vo Ladki,2024,Romance,tt13576680
Movie,Moonlight Blade,2009,Thriller,tt0121569
Movie,T.M.A.,2009,Thriller,tt0289146
Movie,Coraline,2009,Thriller,tt0327597
Movie,The Box,2009,Thriller,tt0362478
Movie,Whiteout,2009,Thriller,tt0365929
Movie,Possession,2009,Thriller,tt0368563
Movie,Malice in Wonderland,2009,Thriller,tt0374853
Movie,The Lovely Bones,2009,Thriller,tt0380510
Movie,Cargo,2009,Thriller,tt0381940
Movie,1,2009,Thriller,tt0408060
Movie,In My Sleep,2010,Thriller,tt0326965
Movie,Tekken,2010,Thriller,tt0411951
Movie,Disconnect,2010,Thriller,tt0419692
Movie,The A-Team,2010,Thriller,tt0429493
Movie,The Devil Inside,2010,Thriller,tt0436230
Movie,Les 7 jours du talion,2010,Thriller,tt0445054
Movie,The Crazies,2010,Thriller,tt0455407
Movie,Federal,2010,Thriller,tt0463311
Movie,Komaram Puli,2010,Thriller,tt0464162
Movie,Spy,2011,Thriller,tt0372538
Movie,Cowboys & Aliens,2011,Thriller,tt0409847
Movie,Moving Target,2011,Thriller,tt0439724
Movie,Silent Alarm,2011,Thriller,tt0462536
Movie,The Mechanic,2011,Thriller,tt0472399
Movie,Double Tap,2011,Thriller,tt0490847
Movie,Kill,2011,Thriller,tt0772179
Movie,War of the Dead,2011,Thriller,tt0780645
Movie,Escalade,2011,Thriller,tt0781441
Movie,Dark Blood,2012,Thriller,tt0293069
Movie,Acorralados,2012,Thriller,tt0426566
Movie,The Possession,2012,Thriller,tt0431021
Movie,Bad Blood,2012,Thriller,tt0495024
Movie,The Yellow Wallpaper,2012,Thriller,tt0790788
Movie,Jack Reacher,2012,Thriller,tt0790724
Movie,Gallowwalkers,2012,Thriller,tt0829176
Movie,The Grind,2012,Thriller,tt0906013
Movie,Exposed,2012,Thriller,tt0907852
Movie,Freaky Deaky,2012,Thriller,tt0938305
Movie,In Secret,2013,Thriller,tt0409379
Short,In absentia,2013,Thriller,tt0431830
Movie,The Devil You Know,2013,Thriller,tt0463960
Movie,Without Warrant,2013,Thriller,tt0479700
Movie,uwantme2killhim?,2013,Thriller,tt0485061
Movie,Aftermath,2013,Thriller,tt0490075
Movie,Devil's Knot,2013,Thriller,tt0804463
Movie,The Power of Few,2013,Thriller,tt0817545
Movie,Snitch,2013,Thriller,tt0882977
Movie,A Walk Among the Tombstones,2014,Thriller,tt0365907
Movie,Action Jackson,2014,Thriller,tt0403935
Movie,The Giver,2014,Thriller,tt0435651
Movie,The Equalizer,2014,Thriller,tt0455944
Movie,Sin City: A Dame to Kill For,2014,Thriller,tt0458481
Movie,House at the End of the Drive,2014,Thriller,tt0464054
Movie,Ex Machina,2014,Thriller,tt0470752
Movie,Jersey Justice,2014,Thriller,tt0772175
Movie,Godzilla,2014,Thriller,tt0831387
Movie,Electric Slide,2014,Thriller,tt0835775
Movie,The Stanford Prison Experiment,2015,Thriller,tt0420293
Movie,Wazir,2016,Thriller,tt0315642
Movie,Cell,2016,Thriller,tt0775440
Movie,Maximum Ride,2016,Thriller,tt0825283
Movie,Travis,2016,Thriller,tt0848554
Movie,Gangster Kittens,2016,Thriller,tt0918520
Short,The Story,2016,Thriller,tt10002588
Short,Below the Storm,2016,Thriller,tt10009472
Short,The White Cat,2016,Thriller,tt10015728
Movie,Bigfoot,2017,Thriller,tt0112502
Movie,Suburbicon,2017,Thriller,tt0491175
Movie,The Dot Man,2017,Thriller,tt0874268
Movie,Fahrenheit 451,2018,Thriller,tt0360556
Movie,Dukun,2018,Thriller,tt0862930
Movie,Back Roads,2018,Thriller,tt0972544
Short,Nekro,2018,Thriller,tt10005004
Short,Form 1,2018,Thriller,tt10002400
Movie,When I Became a Butterfly,2018,Thriller,tt10004396
Short,The Mind's Eye,2018,Thriller,tt10006452
Short,Parallel Tracks,2018,Thriller,tt10005652
Movie,Alita: Battle Angel,2019,Thriller,tt0437086
Movie,Pet Sematary,2019,Thriller,tt0837563
Short,Disquiet,2019,Thriller,tt10004258
Short,Witness to Murder,2019,Thriller,tt10005506
Short,Voiceless,2019,Thriller,tt10002568
Movie,Grizzly II: The Predator,2020,Thriller,tt0093119
Movie,Road to Red,2020,Thriller,tt0926132
Movie,Fantasy Island,2020,Thriller,tt0983946
Short,Farvel Søde,2020,Thriller,tt10005988
Short,Paranoia Tapes: URBAN LEGEND,2020,Thriller,tt10005078
Movie,The Rental,2020,Thriller,tt10003008
Movie,Sacrifice,2020,Thriller,tt10004108
Short,They Never Lie,2020,Thriller,tt10008112
Movie,Hunted,2020,Thriller,tt10011228
Movie,Mortal Kombat,2021,Thriller,tt0293429
Movie,Without Remorse,2021,Thriller,tt0499097
Movie,Army of the Dead,2021,Thriller,tt0993840
Short,Willie Lynch,2021,Thriller,tt10016454
Movie,The Little Things,2021,Thriller,tt10016180
Movie,Fear of Rain,2021,Thriller,tt10037014
Movie,12 O'Clock,2021,Thriller,tt10040978
Movie,Badlander,2021,Thriller,tt10044610
Short,Block A-10,2021,Thriller,tt10048726
Movie,Nefarious,2022,Thriller,tt0451272
Movie,Hellraiser,2022,Thriller,tt0887261
Movie,The Christmas Spirit,2022,Thriller,tt10047464
Movie,Shut In,2022,Thriller,tt10131024
Short,Untitled Drama/Horror Project,2022,Thriller,tt10140356
Movie,Fate of the Night,2022,Thriller,tt10141678
Short,Astray,2023,Thriller,tt10242552
Movie,Mom's Coming,2024,Thriller,tt10579986
Movie,Killing Rainbow,2024,Thriller,tt10707852
Movie,Detour 95,2024,Thriller,tt10844184
Movie,The Legend of Johnny Jones,2024,Thriller,tt10928904
