type,title,year,genre,film_id,owner_id
Movie,Sanam Teri Kasam,2009,Action,59484,tt0205380
Movie,Chinango,2009,Action,59485,tt0312958
Movie,Blood and Bone,2009,Action,59486,tt0346631
Movie,Whiteout,2009,Action,59487,tt0365929
Movie,Sterling: The Secret of the Lost Medallion,2009,Action,59488,tt0373340
Movie,Astro Boy,2009,Action,59489,tt0375568
Movie,Watchmen,2009,Action,59490,tt0409459
Movie,Harry Potter en de halfbloed prins,2009,Action,59491,tt0417741
Movie,Royal Kill,2009,Action,59493,tt0421237
Movie,Sanam Teri Kasam,2009,Action,59494,tt0205380
Movie,Chinango,2009,Action,59495,tt0312958
Movie,Blood and Bone,2009,Action,59496,tt0346631
Movie,Whiteout,2009,Action,59497,tt0365929
Movie,Sterling: The Secret of the Lost Medallion,2009,Action,59498,tt0373340
Movie,Astro Boy,2009,Action,59499,tt0375568
Movie,Watchmen,2009,Action,59500,tt0409459
Movie,Harry Potter en de halfbloed prins,2009,Action,59501,tt0417741
Movie,Royal Kill,2009,Action,59503,tt0421237
Movie,Sanam Teri Kasam,2009,Action,59504,tt0205380
Movie,Chinango,2009,Action,59505,tt0312958
Movie,Blood and Bone,2009,Action,59506,tt0346631
Movie,Whiteout,2009,Action,59507,tt0365929
Movie,Sterling: The Secret of the Lost Medallion,2009,Action,59508,tt0373340
Movie,Astro Boy,2009,Action,59509,tt0375568
Movie,Watchmen,2009,Action,59510,tt0409459
Movie,Harry Potter en de halfbloed prins,2009,Action,59511,tt0417741
Movie,Royal Kill,2009,Action,59513,tt0421237
Movie,Sanam Teri Kasam,2009,Action,59514,tt0205380
Movie,Chinango,2009,Action,59515,tt0312958
Movie,Blood and Bone,2009,Action,59516,tt0346631
Movie,Whiteout,2009,Action,59517,tt0365929
Movie,Sterling: The Secret of the Lost Medallion,2009,Action,59518,tt0373340
Movie,Astro Boy,2009,Action,59519,tt0375568
Movie,Watchmen,2009,Action,59520,tt0409459
Movie,Harry Potter en de halfbloed prins,2009,Action,59521,tt0417741
Movie,Royal Kill,2009,Action,59523,tt0421237
Movie,Tekken,2010,Action,59806,tt0411951
Movie,Venus & Vegas,2010,Action,59807,tt0423474
Movie,The A-Team,2010,Action,59808,tt0429493
Movie,Segurança Nacional,2010,Action,59809,tt0439801
Movie,Scott Pilgrim vs. the World,2010,Action,59810,tt0446029
Movie,Taken by Force,2010,Action,59811,tt0465637
Movie,"Guns, Drugs and Dirty Money",2010,Action,59812,tt0464032
Movie,Komaram Puli,2010,Action,59813,tt0464162
Movie,Tekken,2010,Action,59816,tt0411951
Movie,Venus & Vegas,2010,Action,59817,tt0423474
Movie,The A-Team,2010,Action,59818,tt0429493
Movie,Segurança Nacional,2010,Action,59819,tt0439801
Movie,Scott Pilgrim vs. the World,2010,Action,59820,tt0446029
Movie,Taken by Force,2010,Action,59821,tt0465637
Movie,"Guns, Drugs and Dirty Money",2010,Action,59822,tt0464032
Movie,Komaram Puli,2010,Action,59823,tt0464162
Movie,Tekken,2010,Action,59826,tt0411951
Movie,Venus & Vegas,2010,Action,59827,tt0423474
Movie,The A-Team,2010,Action,59828,tt0429493
Movie,Segurança Nacional,2010,Action,59829,tt0439801
Movie,Scott Pilgrim vs. the World,2010,Action,59830,tt0446029
Movie,Taken by Force,2010,Action,59831,tt0465637
Movie,"Guns, Drugs and Dirty Money",2010,Action,59832,tt0464032
Movie,Komaram Puli,2010,Action,59833,tt0464162
Movie,Tekken,2010,Action,59836,tt0411951
Movie,Venus & Vegas,2010,Action,59837,tt0423474
Movie,The A-Team,2010,Action,59838,tt0429493
Movie,Segurança Nacional,2010,Action,59839,tt0439801
Movie,Scott Pilgrim vs. the World,2010,Action,59840,tt0446029
Movie,Taken by Force,2010,Action,59841,tt0465637
Movie,"Guns, Drugs and Dirty Money",2010,Action,59842,tt0464032
Movie,Komaram Puli,2010,Action,59843,tt0464162
Movie,Spy,2011,Action,60125,tt0372538
Movie,Cowboys & Aliens,2011,Action,60126,tt0409847
Movie,Real Steel,2011,Action,60127,tt0433035
Movie,Captain America: The First Avenger,2011,Action,60128,tt0458339
Movie,Platinum Illusions,2011,Action,60129,tt0469158
Movie,The Mechanic,2011,Action,60130,tt0472399
Movie,Tower Heist,2011,Action,60131,tt0471042
Movie,Season of the Witch,2011,Action,60133,tt0479997
Movie,Spy,2011,Action,60135,tt0372538
Movie,Cowboys & Aliens,2011,Action,60136,tt0409847
Movie,Real Steel,2011,Action,60137,tt0433035
Movie,Captain America: The First Avenger,2011,Action,60138,tt0458339
Movie,Platinum Illusions,2011,Action,60139,tt0469158
Movie,The Mechanic,2011,Action,60140,tt0472399
Movie,Tower Heist,2011,Action,60141,tt0471042
Movie,Season of the Witch,2011,Action,60143,tt0479997
Movie,Spy,2011,Action,60145,tt0372538
Movie,Cowboys & Aliens,2011,Action,60146,tt0409847
Movie,Real Steel,2011,Action,60147,tt0433035
Movie,Captain America: The First Avenger,2011,Action,60148,tt0458339
Movie,Platinum Illusions,2011,Action,60149,tt0469158
Movie,The Mechanic,2011,Action,60150,tt0472399
Movie,Tower Heist,2011,Action,60151,tt0471042
Movie,Season of the Witch,2011,Action,60153,tt0479997
Movie,Spy,2011,Action,60155,tt0372538
Movie,Cowboys & Aliens,2011,Action,60156,tt0409847
Movie,Real Steel,2011,Action,60157,tt0433035
Movie,Captain America: The First Avenger,2011,Action,60158,tt0458339
Movie,Platinum Illusions,2011,Action,60159,tt0469158
Movie,The Mechanic,2011,Action,60160,tt0472399
Movie,Tower Heist,2011,Action,60161,tt0471042
Movie,Season of the Witch,2011,Action,60163,tt0479997
Movie,Foodfight!,2012,Action,60444,tt0249516
Movie,John Carter,2012,Action,60445,tt0401729
Movie,Clutch,2012,Action,60446,tt0475239
Movie,Red Tails,2012,Action,60447,tt0485985
Movie,Jack Reacher,2012,Action,60448,tt0790724
Movie,Gallowwalkers,2012,Action,60449,tt0829176
Movie,The Avengers,2012,Action,60450,tt0848228
Movie,The Sweeney,2012,Action,60451,tt0857190
Movie,Evangelion Shin Gekijôban: Kyu,2012,Action,60452,tt0860907
Movie,The Amazing Spider-Man 3D,2012,Action,60453,tt0948470
Movie,Foodfight!,2012,Action,60454,tt0249516
Movie,John Carter,2012,Action,60455,tt0401729
Movie,Clutch,2012,Action,60456,tt0475239
Movie,Red Tails,2012,Action,60457,tt0485985
Movie,Jack Reacher,2012,Action,60458,tt0790724
Movie,Gallowwalkers,2012,Action,60459,tt0829176
Movie,The Avengers,2012,Action,60460,tt0848228
Movie,The Sweeney,2012,Action,60461,tt0857190
Movie,Evangelion Shin Gekijôban: Kyu,2012,Action,60462,tt0860907
Movie,The Amazing Spider-Man 3D,2012,Action,60463,tt0948470
Movie,Foodfight!,2012,Action,60464,tt0249516
Movie,John Carter,2012,Action,60465,tt0401729
Movie,Clutch,2012,Action,60466,tt0475239
Movie,Red Tails,2012,Action,60467,tt0485985
Movie,Jack Reacher,2012,Action,60468,tt0790724
Movie,Gallowwalkers,2012,Action,60469,tt0829176
Movie,The Avengers,2012,Action,60470,tt0848228
Movie,The Sweeney,2012,Action,60471,tt0857190
Movie,Evangelion Shin Gekijôban: Kyu,2012,Action,60472,tt0860907
Movie,The Amazing Spider-Man 3D,2012,Action,60473,tt0948470
Movie,Foodfight!,2012,Action,60474,tt0249516
Movie,John Carter,2012,Action,60475,tt0401729
Movie,Clutch,2012,Action,60476,tt0475239
Movie,Red Tails,2012,Action,60477,tt0485985
Movie,Jack Reacher,2012,Action,60478,tt0790724
Movie,Gallowwalkers,2012,Action,60479,tt0829176
Movie,The Avengers,2012,Action,60480,tt0848228
Movie,The Sweeney,2012,Action,60481,tt0857190
Movie,Evangelion Shin Gekijôban: Kyu,2012,Action,60482,tt0860907
Movie,The Amazing Spider-Man 3D,2012,Action,60483,tt0948470
Movie,Alan Partridge: Alpha Papa,2013,Action,60765,tt0469021
Movie,Without Warrant,2013,Action,60766,tt0479700
Movie,Prisoners of the Sun,2013,Action,60767,tt0496375
Movie,Man of Steel,2013,Action,60768,tt0770828
Movie,R.I.P.D.,2013,Action,60769,tt0790736
Movie,World War Z,2013,Action,60770,tt0816711
Movie,The Power of Few,2013,Action,60771,tt0817545
Movie,Epic,2013,Action,60772,tt0848537
Movie,Snitch,2013,Action,60773,tt0882977
Movie,Alan Partridge: Alpha Papa,2013,Action,60775,tt0469021
Movie,Without Warrant,2013,Action,60776,tt0479700
Movie,Prisoners of the Sun,2013,Action,60777,tt0496375
Movie,Man of Steel,2013,Action,60778,tt0770828
Movie,R.I.P.D.,2013,Action,60779,tt0790736
Movie,World War Z,2013,Action,60780,tt0816711
Movie,The Power of Few,2013,Action,60781,tt0817545
Movie,Epic,2013,Action,60782,tt0848537
Movie,Snitch,2013,Action,60783,tt0882977
Movie,Alan Partridge: Alpha Papa,2013,Action,60785,tt0469021
Movie,Without Warrant,2013,Action,60786,tt0479700
Movie,Prisoners of the Sun,2013,Action,60787,tt0496375
Movie,Man of Steel,2013,Action,60788,tt0770828
Movie,R.I.P.D.,2013,Action,60789,tt0790736
Movie,World War Z,2013,Action,60790,tt0816711
Movie,The Power of Few,2013,Action,60791,tt0817545
Movie,Epic,2013,Action,60792,tt0848537
Movie,Snitch,2013,Action,60793,tt0882977
Movie,Alan Partridge: Alpha Papa,2013,Action,60795,tt0469021
Movie,Without Warrant,2013,Action,60796,tt0479700
Movie,Prisoners of the Sun,2013,Action,60797,tt0496375
Movie,Man of Steel,2013,Action,60798,tt0770828
Movie,R.I.P.D.,2013,Action,60799,tt0790736
Movie,World War Z,2013,Action,60800,tt0816711
Movie,The Power of Few,2013,Action,60801,tt0817545
Movie,Epic,2013,Action,60802,tt0848537
Movie,Snitch,2013,Action,60803,tt0882977
Movie,Instruments of Darkness,2014,Action,61084,tt0338258
Movie,A Walk Among the Tombstones,2014,Action,61085,tt0365907
Movie,Action Jackson,2014,Action,61086,tt0403935
Movie,The Equalizer,2014,Action,61087,tt0455944
Movie,Sin City: A Dame to Kill For,2014,Action,61088,tt0458481
Movie,Dil Ka Sauda,2014,Action,61089,tt0485535
Movie,Jersey Justice,2014,Action,61090,tt0772175
Movie,Dracula Untold,2014,Action,61091,tt0829150
Movie,Godzilla,2014,Action,61092,tt0831387
Movie,Electric Slide,2014,Action,61093,tt0835775
Movie,Instruments of Darkness,2014,Action,61094,tt0338258
Movie,A Walk Among the Tombstones,2014,Action,61095,tt0365907
Movie,Action Jackson,2014,Action,61096,tt0403935
Movie,The Equalizer,2014,Action,61097,tt0455944
Movie,Sin City: A Dame to Kill For,2014,Action,61098,tt0458481
Movie,Dil Ka Sauda,2014,Action,61099,tt0485535
Movie,Jersey Justice,2014,Action,61100,tt0772175
Movie,Dracula Untold,2014,Action,61101,tt0829150
Movie,Godzilla,2014,Action,61102,tt0831387
Movie,Electric Slide,2014,Action,61103,tt0835775
Movie,Instruments of Darkness,2014,Action,61104,tt0338258
Movie,A Walk Among the Tombstones,2014,Action,61105,tt0365907
Movie,Action Jackson,2014,Action,61106,tt0403935
Movie,The Equalizer,2014,Action,61107,tt0455944
Movie,Sin City: A Dame to Kill For,2014,Action,61108,tt0458481
Movie,Dil Ka Sauda,2014,Action,61109,tt0485535
Movie,Jersey Justice,2014,Action,61110,tt0772175
Movie,Dracula Untold,2014,Action,61111,tt0829150
Movie,Godzilla,2014,Action,61112,tt0831387
Movie,Electric Slide,2014,Action,61113,tt0835775
Movie,Instruments of Darkness,2014,Action,61114,tt0338258
Movie,A Walk Among the Tombstones,2014,Action,61115,tt0365907
Movie,Action Jackson,2014,Action,61116,tt0403935
Movie,The Equalizer,2014,Action,61117,tt0455944
Movie,Sin City: A Dame to Kill For,2014,Action,61118,tt0458481
Movie,Dil Ka Sauda,2014,Action,61119,tt0485535
Movie,Jersey Justice,2014,Action,61120,tt0772175
Movie,Dracula Untold,2014,Action,61121,tt0829150
Movie,Godzilla,2014,Action,61122,tt0831387
Movie,Electric Slide,2014,Action,61123,tt0835775
Movie,Jurassic World,2015,Action,61404,tt0369610
Movie,Ant-Man,2015,Action,61405,tt0478970
Short,Oscar Buzz,2015,Action,61406,tt10004934
Movie,Jurassic World,2015,Action,61414,tt0369610
Movie,Ant-Man,2015,Action,61415,tt0478970
Short,Oscar Buzz,2015,Action,61416,tt10004934
Movie,Jurassic World,2015,Action,61424,tt0369610
Movie,Ant-Man,2015,Action,61425,tt0478970
Short,Oscar Buzz,2015,Action,61426,tt10004934
Movie,Jurassic World,2015,Action,61434,tt0369610
Movie,Ant-Man,2015,Action,61435,tt0478970
Short,Oscar Buzz,2015,Action,61436,tt10004934
Movie,Wazir,2016,Action,61724,tt0315642
Movie,Aman Ke Farishtey,2016,Action,61725,tt0364201
Movie,Cell,2016,Action,61726,tt0775440
Movie,Warcraft,2016,Action,61727,tt0803096
Movie,Maximum Ride,2016,Action,61728,tt0825283
Movie,The Legend of Tarzan,2016,Action,61729,tt0918940
Movie,Wazir,2016,Action,61734,tt0315642
Movie,Aman Ke Farishtey,2016,Action,61735,tt0364201
Movie,Cell,2016,Action,61736,tt0775440
Movie,Warcraft,2016,Action,61737,tt0803096
Movie,Maximum Ride,2016,Action,61738,tt0825283
Movie,The Legend of Tarzan,2016,Action,61739,tt0918940
Movie,Wazir,2016,Action,61744,tt0315642
Movie,Aman Ke Farishtey,2016,Action,61745,tt0364201
Movie,Cell,2016,Action,61746,tt0775440
Movie,Warcraft,2016,Action,61747,tt0803096
Movie,Maximum Ride,2016,Action,61748,tt0825283
Movie,The Legend of Tarzan,2016,Action,61749,tt0918940
Movie,Wazir,2016,Action,61754,tt0315642
Movie,Aman Ke Farishtey,2016,Action,61755,tt0364201
Movie,Cell,2016,Action,61756,tt0775440
Movie,Warcraft,2016,Action,61757,tt0803096
Movie,Maximum Ride,2016,Action,61758,tt0825283
Movie,The Legend of Tarzan,2016,Action,61759,tt0918940
Movie,Wonder Woman,2017,Action,62044,tt0451279
Movie,CHIPS,2017,Action,62045,tt0493405
Movie,Justice League,2017,Action,62046,tt0974015
Movie,Green Brothers,2017,Action,62047,tt10010820
Short,Red Wrath,2017,Action,62048,tt10015186
Movie,Nagarsevak - Ek Nayak,2017,Action,62049,tt10028030
Short,Spider-Man Fan Film - Film Form Studios,2017,Action,62051,tt10042774
Movie,Wonder Woman,2017,Action,62054,tt0451279
Movie,CHIPS,2017,Action,62055,tt0493405
Movie,Justice League,2017,Action,62056,tt0974015
Movie,Green Brothers,2017,Action,62057,tt10010820
Short,Red Wrath,2017,Action,62058,tt10015186
Movie,Nagarsevak - Ek Nayak,2017,Action,62059,tt10028030
Short,Spider-Man Fan Film - Film Form Studios,2017,Action,62061,tt10042774
Movie,Wonder Woman,2017,Action,62064,tt0451279
Movie,CHIPS,2017,Action,62065,tt0493405
Movie,Justice League,2017,Action,62066,tt0974015
Movie,Green Brothers,2017,Action,62067,tt10010820
Short,Red Wrath,2017,Action,62068,tt10015186
Movie,Nagarsevak - Ek Nayak,2017,Action,62069,tt10028030
Short,Spider-Man Fan Film - Film Form Studios,2017,Action,62071,tt10042774
Movie,Wonder Woman,2017,Action,62074,tt0451279
Movie,CHIPS,2017,Action,62075,tt0493405
Movie,Justice League,2017,Action,62076,tt0974015
Movie,Green Brothers,2017,Action,62077,tt10010820
Short,Red Wrath,2017,Action,62078,tt10015186
Movie,Nagarsevak - Ek Nayak,2017,Action,62079,tt10028030
Short,Spider-Man Fan Film - Film Form Studios,2017,Action,62081,tt10042774
Movie,To Chase a Million,2018,Action,62364,tt0276568
Short,Crossing: 2036,2018,Action,62368,tt10003376
Movie,To Chase a Million,2018,Action,62374,tt0276568
Short,Crossing: 2036,2018,Action,62378,tt10003376
Movie,To Chase a Million,2018,Action,62384,tt0276568
Short,Crossing: 2036,2018,Action,62388,tt10003376
Movie,To Chase a Million,2018,Action,62394,tt0276568
Short,Crossing: 2036,2018,Action,62398,tt10003376
Movie,Tötet nicht mehr,2019,Action,62684,tt0011801
Movie,Alita: Battle Angel,2019,Action,62685,tt0437086
Movie,Danger Close: The Battle of Long Tan,2019,Action,62686,tt0441881
Movie,Shazam!,2019,Action,62687,tt0448115
Short,Skillet,2019,Action,62688,tt10004182
Movie,Tötet nicht mehr,2019,Action,62694,tt0011801
Movie,Alita: Battle Angel,2019,Action,62695,tt0437086
Movie,Danger Close: The Battle of Long Tan,2019,Action,62696,tt0441881
Movie,Shazam!,2019,Action,62697,tt0448115
Short,Skillet,2019,Action,62698,tt10004182
Movie,Tötet nicht mehr,2019,Action,62704,tt0011801
Movie,Alita: Battle Angel,2019,Action,62705,tt0437086
Movie,Danger Close: The Battle of Long Tan,2019,Action,62706,tt0441881
Movie,Shazam!,2019,Action,62707,tt0448115
Short,Skillet,2019,Action,62708,tt10004182
Movie,Tötet nicht mehr,2019,Action,62714,tt0011801
Movie,Alita: Battle Angel,2019,Action,62715,tt0437086
Movie,Danger Close: The Battle of Long Tan,2019,Action,62716,tt0441881
Movie,Shazam!,2019,Action,62717,tt0448115
Short,Skillet,2019,Action,62718,tt10004182
Movie,Duel of Legends,2020,Action,63004,tt0849437
Movie,Road to Red,2020,Action,63005,tt0926132
Movie,Fantasy Island,2020,Action,63006,tt0983946
Short,Like.Share.Repost.,2020,Action,63008,tt10011184
Movie,Hunted,2020,Action,63009,tt10011228
Movie,Duel of Legends,2020,Action,63014,tt0849437
Movie,Road to Red,2020,Action,63015,tt0926132
Movie,Fantasy Island,2020,Action,63016,tt0983946
Short,Like.Share.Repost.,2020,Action,63018,tt10011184
Movie,Hunted,2020,Action,63019,tt10011228
Movie,Duel of Legends,2020,Action,63024,tt0849437
Movie,Road to Red,2020,Action,63025,tt0926132
Movie,Fantasy Island,2020,Action,63026,tt0983946
Short,Like.Share.Repost.,2020,Action,63028,tt10011184
Movie,Hunted,2020,Action,63029,tt10011228
Movie,Duel of Legends,2020,Action,63034,tt0849437
Movie,Road to Red,2020,Action,63035,tt0926132
Movie,Fantasy Island,2020,Action,63036,tt0983946
Short,Like.Share.Repost.,2020,Action,63038,tt10011184
Movie,Hunted,2020,Action,63039,tt10011228
Movie,Mortal Kombat,2021,Action,63324,tt0293429
Movie,Without Remorse,2021,Action,63325,tt0499097
Movie,Z,2021,Action,63326,tt0818543
Movie,Jungle Cruise,2021,Action,63327,tt0870154
Movie,Army of the Dead,2021,Action,63328,tt0993840
Movie,Chinese Speaking Vampires,2021,Action,63329,tt10005622
Movie,Preman,2021,Action,63330,tt10011002
Short,Bad Rap Rising,2021,Action,63331,tt10036186
Movie,Badlander,2021,Action,63332,tt10044610
Movie,Vaa Deal,2021,Action,63333,tt10050150
Movie,Mortal Kombat,2021,Action,63334,tt0293429
Movie,Without Remorse,2021,Action,63335,tt0499097
Movie,Z,2021,Action,63336,tt0818543
Movie,Jungle Cruise,2021,Action,63337,tt0870154
Movie,Army of the Dead,2021,Action,63338,tt0993840
Movie,Chinese Speaking Vampires,2021,Action,63339,tt10005622
Movie,Preman,2021,Action,63340,tt10011002
Short,Bad Rap Rising,2021,Action,63341,tt10036186
Movie,Badlander,2021,Action,63342,tt10044610
Movie,Vaa Deal,2021,Action,63343,tt10050150
Movie,Mortal Kombat,2021,Action,63344,tt0293429
Movie,Without Remorse,2021,Action,63345,tt0499097
Movie,Z,2021,Action,63346,tt0818543
Movie,Jungle Cruise,2021,Action,63347,tt0870154
Movie,Army of the Dead,2021,Action,63348,tt0993840
Movie,Chinese Speaking Vampires,2021,Action,63349,tt10005622
Movie,Preman,2021,Action,63350,tt10011002
Short,Bad Rap Rising,2021,Action,63351,tt10036186
Movie,Badlander,2021,Action,63352,tt10044610
Movie,Vaa Deal,2021,Action,63353,tt10050150
Movie,Mortal Kombat,2021,Action,63354,tt0293429
Movie,Without Remorse,2021,Action,63355,tt0499097
Movie,Z,2021,Action,63356,tt0818543
Movie,Jungle Cruise,2021,Action,63357,tt0870154
Movie,Army of the Dead,2021,Action,63358,tt0993840
Movie,Chinese Speaking Vampires,2021,Action,63359,tt10005622
Movie,Preman,2021,Action,63360,tt10011002
Short,Bad Rap Rising,2021,Action,63361,tt10036186
Movie,Badlander,2021,Action,63362,tt10044610
Movie,Vaa Deal,2021,Action,63363,tt10050150
Movie,Satria Dewa: Gatotkaca,2022,Action,63648,tt10090058
Movie,Im Westen nichts Neues,2022,Action,63649,tt1016150
Movie,Bullet Proof,2022,Action,63651,tt10198564
Short,Stalking Elvis,2022,Action,63653,tt10257354
Movie,Satria Dewa: Gatotkaca,2022,Action,63658,tt10090058
Movie,Im Westen nichts Neues,2022,Action,63659,tt1016150
Movie,Bullet Proof,2022,Action,63661,tt10198564
Short,Stalking Elvis,2022,Action,63663,tt10257354
Movie,Satria Dewa: Gatotkaca,2022,Action,63668,tt10090058
Movie,Im Westen nichts Neues,2022,Action,63669,tt1016150
Movie,Bullet Proof,2022,Action,63671,tt10198564
Short,Stalking Elvis,2022,Action,63673,tt10257354
Movie,Satria Dewa: Gatotkaca,2022,Action,63678,tt10090058
Movie,Im Westen nichts Neues,2022,Action,63679,tt1016150
Movie,Bullet Proof,2022,Action,63681,tt10198564
Short,Stalking Elvis,2022,Action,63683,tt10257354
Movie,The Flash,2023,Action,63964,tt0439572
Movie,Shazam! Fury of the Gods,2023,Action,63970,tt10151854
Movie,The Flash,2023,Action,63974,tt0439572
Movie,Shazam! Fury of the Gods,2023,Action,63980,tt10151854
Movie,The Flash,2023,Action,63984,tt0439572
Movie,Shazam! Fury of the Gods,2023,Action,63990,tt10151854
Movie,The Flash,2023,Action,63994,tt0439572
Movie,Shazam! Fury of the Gods,2023,Action,64000,tt10151854
Movie,Multiverso,2024,Action,64285,tt10225380
Movie,Detour 95,2024,Action,64289,tt10844184
Movie,The Legend of Johnny Jones,2024,Action,64290,tt10928904
Movie,Slasher House 3,2024,Action,64291,tt11078340
Movie,Clank and the Golden Scar,2024,Action,64293,tt11374514
Movie,Multiverso,2024,Action,64295,tt10225380
Movie,Detour 95,2024,Action,64299,tt10844184
Movie,The Legend of Johnny Jones,2024,Action,64300,tt10928904
Movie,Slasher House 3,2024,Action,64301,tt11078340
Movie,Clank and the Golden Scar,2024,Action,64303,tt11374514
Movie,Multiverso,2024,Action,64305,tt10225380
Movie,Detour 95,2024,Action,64309,tt10844184
Movie,The Legend of Johnny Jones,2024,Action,64310,tt10928904
Movie,Slasher House 3,2024,Action,64311,tt11078340
Movie,Clank and the Golden Scar,2024,Action,64313,tt11374514
Movie,Multiverso,2024,Action,64315,tt10225380
Movie,Detour 95,2024,Action,64319,tt10844184
Movie,The Legend of Johnny Jones,2024,Action,64320,tt10928904
Movie,Slasher House 3,2024,Action,64321,tt11078340
Movie,Clank and the Golden Scar,2024,Action,64323,tt11374514
Short,I Miss Sonia Henie,2009,Comedy,59444,tt0067230
Movie,Rózsaszín sajt,2009,Comedy,59445,tt0153140
Movie,El reino de los cielos,2009,Comedy,59446,tt0288190
Movie,Unter Strom,2009,Comedy,59447,tt0304876
Movie,Railed,2009,Comedy,59448,tt0311698
Movie,Chinango,2009,Comedy,59449,tt0312958
Movie,Los muertos van deprisa,2009,Comedy,59451,tt0353765
Movie,Two-Minute Heist,2009,Comedy,59452,tt0365873
Movie,Astro Boy,2009,Comedy,59453,tt0375568
Short,I Miss Sonia Henie,2009,Comedy,59454,tt0067230
Movie,Rózsaszín sajt,2009,Comedy,59455,tt0153140
Movie,El reino de los cielos,2009,Comedy,59456,tt0288190
Movie,Unter Strom,2009,Comedy,59457,tt0304876
Movie,Railed,2009,Comedy,59458,tt0311698
Movie,Chinango,2009,Comedy,59459,tt0312958
Movie,Los muertos van deprisa,2009,Comedy,59461,tt0353765
Movie,Two-Minute Heist,2009,Comedy,59462,tt0365873
Movie,Astro Boy,2009,Comedy,59463,tt0375568
Short,I Miss Sonia Henie,2009,Comedy,59464,tt0067230
Movie,Rózsaszín sajt,2009,Comedy,59465,tt0153140
Movie,El reino de los cielos,2009,Comedy,59466,tt0288190
Movie,Unter Strom,2009,Comedy,59467,tt0304876
Movie,Railed,2009,Comedy,59468,tt0311698
Movie,Chinango,2009,Comedy,59469,tt0312958
Movie,Los muertos van deprisa,2009,Comedy,59471,tt0353765
Movie,Two-Minute Heist,2009,Comedy,59472,tt0365873
Movie,Astro Boy,2009,Comedy,59473,tt0375568
Short,I Miss Sonia Henie,2009,Comedy,59474,tt0067230
Movie,Rózsaszín sajt,2009,Comedy,59475,tt0153140
Movie,El reino de los cielos,2009,Comedy,59476,tt0288190
Movie,Unter Strom,2009,Comedy,59477,tt0304876
Movie,Railed,2009,Comedy,59478,tt0311698
Movie,Chinango,2009,Comedy,59479,tt0312958
Movie,Los muertos van deprisa,2009,Comedy,59481,tt0353765
Movie,Two-Minute Heist,2009,Comedy,59482,tt0365873
Movie,Astro Boy,2009,Comedy,59483,tt0375568
Movie,This Wretched Life,2010,Comedy,59765,tt0331312
Movie,Blind Sided,2010,Comedy,59766,tt0337882
Movie,Anderson's Cross,2010,Comedy,59767,tt0393049
Movie,Rapunzel,2010,Comedy,59768,tt0398286
Movie,Venus & Vegas,2010,Comedy,59769,tt0423474
Movie,Dinner for Schmucks,2010,Comedy,59770,tt0427152
Movie,Toy Story 3,2010,Comedy,59771,tt0435761
Movie,Diary of a Bad Lad,2010,Comedy,59772,tt0449005
Movie,Scott Pilgrim vs. the World,2010,Comedy,59773,tt0446029
Movie,This Wretched Life,2010,Comedy,59775,tt0331312
Movie,Blind Sided,2010,Comedy,59776,tt0337882
Movie,Anderson's Cross,2010,Comedy,59777,tt0393049
Movie,Rapunzel,2010,Comedy,59778,tt0398286
Movie,Venus & Vegas,2010,Comedy,59779,tt0423474
Movie,Dinner for Schmucks,2010,Comedy,59780,tt0427152
Movie,Toy Story 3,2010,Comedy,59781,tt0435761
Movie,Diary of a Bad Lad,2010,Comedy,59782,tt0449005
Movie,Scott Pilgrim vs. the World,2010,Comedy,59783,tt0446029
Movie,This Wretched Life,2010,Comedy,59785,tt0331312
Movie,Blind Sided,2010,Comedy,59786,tt0337882
Movie,Anderson's Cross,2010,Comedy,59787,tt0393049
Movie,Rapunzel,2010,Comedy,59788,tt0398286
Movie,Venus & Vegas,2010,Comedy,59789,tt0423474
Movie,Dinner for Schmucks,2010,Comedy,59790,tt0427152
Movie,Toy Story 3,2010,Comedy,59791,tt0435761
Movie,Diary of a Bad Lad,2010,Comedy,59792,tt0449005
Movie,Scott Pilgrim vs. the World,2010,Comedy,59793,tt0446029
Movie,This Wretched Life,2010,Comedy,59795,tt0331312
Movie,Blind Sided,2010,Comedy,59796,tt0337882
Movie,Anderson's Cross,2010,Comedy,59797,tt0393049
Movie,Rapunzel,2010,Comedy,59798,tt0398286
Movie,Venus & Vegas,2010,Comedy,59799,tt0423474
Movie,Dinner for Schmucks,2010,Comedy,59800,tt0427152
Movie,Toy Story 3,2010,Comedy,59801,tt0435761
Movie,Diary of a Bad Lad,2010,Comedy,59802,tt0449005
Movie,Scott Pilgrim vs. the World,2010,Comedy,59803,tt0446029
Movie,The Rum Diary,2011,Comedy,60086,tt0376136
Movie,Gnomeo & Juliet,2011,Comedy,60087,tt0377981
Movie,Seven Fallen Objects,2011,Comedy,60088,tt0407194
Movie,Satin,2011,Comedy,60089,tt0433397
Movie,Puss in Boots,2011,Comedy,60090,tt0448694
Movie,Generation P,2011,Comedy,60091,tt0459748
Movie,Salvando al Soldado Pérez,2011,Comedy,60092,tt0461336
Movie,Silent Alarm,2011,Comedy,60093,tt0462536
Movie,The Rum Diary,2011,Comedy,60096,tt0376136
Movie,Gnomeo & Juliet,2011,Comedy,60097,tt0377981
Movie,Seven Fallen Objects,2011,Comedy,60098,tt0407194
Movie,Satin,2011,Comedy,60099,tt0433397
Movie,Puss in Boots,2011,Comedy,60100,tt0448694
Movie,Generation P,2011,Comedy,60101,tt0459748
Movie,Salvando al Soldado Pérez,2011,Comedy,60102,tt0461336
Movie,Silent Alarm,2011,Comedy,60103,tt0462536
Movie,The Rum Diary,2011,Comedy,60106,tt0376136
Movie,Gnomeo & Juliet,2011,Comedy,60107,tt0377981
Movie,Seven Fallen Objects,2011,Comedy,60108,tt0407194
Movie,Satin,2011,Comedy,60109,tt0433397
Movie,Puss in Boots,2011,Comedy,60110,tt0448694
Movie,Generation P,2011,Comedy,60111,tt0459748
Movie,Salvando al Soldado Pérez,2011,Comedy,60112,tt0461336
Movie,Silent Alarm,2011,Comedy,60113,tt0462536
Movie,The Rum Diary,2011,Comedy,60116,tt0376136
Movie,Gnomeo & Juliet,2011,Comedy,60117,tt0377981
Movie,Seven Fallen Objects,2011,Comedy,60118,tt0407194
Movie,Satin,2011,Comedy,60119,tt0433397
Movie,Puss in Boots,2011,Comedy,60120,tt0448694
Movie,Generation P,2011,Comedy,60121,tt0459748
Movie,Salvando al Soldado Pérez,2011,Comedy,60122,tt0461336
Movie,Silent Alarm,2011,Comedy,60123,tt0462536
Movie,Foodfight!,2012,Comedy,60404,tt0249516
Movie,Life's a Beach,2012,Comedy,60405,tt0285252
Movie,The Three Stooges,2012,Comedy,60406,tt0383010
Movie,Gambit,2012,Comedy,60407,tt0404978
Movie,Acorralados,2012,Comedy,60408,tt0426566
Movie,Os Penetras,2012,Comedy,60409,tt0452664
Movie,Persona Au Gratin,2012,Comedy,60410,tt0475360
Movie,Sushi in Suhl,2012,Comedy,60411,tt0485521
Movie,A Thousand Words,2012,Comedy,60413,tt0763831
Movie,Foodfight!,2012,Comedy,60414,tt0249516
Movie,Life's a Beach,2012,Comedy,60415,tt0285252
Movie,The Three Stooges,2012,Comedy,60416,tt0383010
Movie,Gambit,2012,Comedy,60417,tt0404978
Movie,Acorralados,2012,Comedy,60418,tt0426566
Movie,Os Penetras,2012,Comedy,60419,tt0452664
Movie,Persona Au Gratin,2012,Comedy,60420,tt0475360
Movie,Sushi in Suhl,2012,Comedy,60421,tt0485521
Movie,A Thousand Words,2012,Comedy,60423,tt0763831
Movie,Foodfight!,2012,Comedy,60424,tt0249516
Movie,Life's a Beach,2012,Comedy,60425,tt0285252
Movie,The Three Stooges,2012,Comedy,60426,tt0383010
Movie,Gambit,2012,Comedy,60427,tt0404978
Movie,Acorralados,2012,Comedy,60428,tt0426566
Movie,Os Penetras,2012,Comedy,60429,tt0452664
Movie,Persona Au Gratin,2012,Comedy,60430,tt0475360
Movie,Sushi in Suhl,2012,Comedy,60431,tt0485521
Movie,A Thousand Words,2012,Comedy,60433,tt0763831
Movie,Foodfight!,2012,Comedy,60434,tt0249516
Movie,Life's a Beach,2012,Comedy,60435,tt0285252
Movie,The Three Stooges,2012,Comedy,60436,tt0383010
Movie,Gambit,2012,Comedy,60437,tt0404978
Movie,Acorralados,2012,Comedy,60438,tt0426566
Movie,Os Penetras,2012,Comedy,60439,tt0452664
Movie,Persona Au Gratin,2012,Comedy,60440,tt0475360
Movie,Sushi in Suhl,2012,Comedy,60441,tt0485521
Movie,A Thousand Words,2012,Comedy,60443,tt0763831
Movie,Return to Babylon,2013,Comedy,60724,tt0255820
Movie,The Secret Life of Walter Mitty,2013,Comedy,60725,tt0359950
Movie,Blunt Movie,2013,Comedy,60726,tt0452183
Movie,Alan Partridge: Alpha Papa,2013,Comedy,60727,tt0469021
Movie,The Croods,2013,Comedy,60728,tt0481499
Movie,Aftermath,2013,Comedy,60729,tt0490075
Movie,Syrup,2013,Comedy,60730,tt0762138
Movie,Santorini Blue,2013,Comedy,60731,tt0780625
Movie,The Incredible Burt Wonderstone,2013,Comedy,60732,tt0790628
Movie,R.I.P.D.,2013,Comedy,60733,tt0790736
Movie,Return to Babylon,2013,Comedy,60734,tt0255820
Movie,The Secret Life of Walter Mitty,2013,Comedy,60735,tt0359950
Movie,Blunt Movie,2013,Comedy,60736,tt0452183
Movie,Alan Partridge: Alpha Papa,2013,Comedy,60737,tt0469021
Movie,The Croods,2013,Comedy,60738,tt0481499
Movie,Aftermath,2013,Comedy,60739,tt0490075
Movie,Syrup,2013,Comedy,60740,tt0762138
Movie,Santorini Blue,2013,Comedy,60741,tt0780625
Movie,The Incredible Burt Wonderstone,2013,Comedy,60742,tt0790628
Movie,R.I.P.D.,2013,Comedy,60743,tt0790736
Movie,Return to Babylon,2013,Comedy,60744,tt0255820
Movie,The Secret Life of Walter Mitty,2013,Comedy,60745,tt0359950
Movie,Blunt Movie,2013,Comedy,60746,tt0452183
Movie,Alan Partridge: Alpha Papa,2013,Comedy,60747,tt0469021
Movie,The Croods,2013,Comedy,60748,tt0481499
Movie,Aftermath,2013,Comedy,60749,tt0490075
Movie,Syrup,2013,Comedy,60750,tt0762138
Movie,Santorini Blue,2013,Comedy,60751,tt0780625
Movie,The Incredible Burt Wonderstone,2013,Comedy,60752,tt0790628
Movie,R.I.P.D.,2013,Comedy,60753,tt0790736
Movie,Return to Babylon,2013,Comedy,60754,tt0255820
Movie,The Secret Life of Walter Mitty,2013,Comedy,60755,tt0359950
Movie,Blunt Movie,2013,Comedy,60756,tt0452183
Movie,Alan Partridge: Alpha Papa,2013,Comedy,60757,tt0469021
Movie,The Croods,2013,Comedy,60758,tt0481499
Movie,Aftermath,2013,Comedy,60759,tt0490075
Movie,Syrup,2013,Comedy,60760,tt0762138
Movie,Santorini Blue,2013,Comedy,60761,tt0780625
Movie,The Incredible Burt Wonderstone,2013,Comedy,60762,tt0790628
Movie,R.I.P.D.,2013,Comedy,60763,tt0790736
Movie,Frivolinas,2014,Comedy,61044,tt0016906
Short,The Fresh Lobster,2014,Comedy,61045,tt0168809
Movie,Rice Girl,2014,Comedy,61046,tt0329539
Movie,Before We Go,2014,Comedy,61047,tt0443465
Movie,A Long Way Down,2014,Comedy,61048,tt0458413
Movie,Kid Cannabis,2014,Comedy,61050,tt0780548
Movie,The Boxtrolls,2014,Comedy,61051,tt0787474
Movie,Rupan sansei,2014,Comedy,61052,tt0862748
Movie,Mr. Peabody & Sherman,2014,Comedy,61053,tt0864835
Movie,Frivolinas,2014,Comedy,61054,tt0016906
Short,The Fresh Lobster,2014,Comedy,61055,tt0168809
Movie,Rice Girl,2014,Comedy,61056,tt0329539
Movie,Before We Go,2014,Comedy,61057,tt0443465
Movie,A Long Way Down,2014,Comedy,61058,tt0458413
Movie,Kid Cannabis,2014,Comedy,61060,tt0780548
Movie,The Boxtrolls,2014,Comedy,61061,tt0787474
Movie,Rupan sansei,2014,Comedy,61062,tt0862748
Movie,Mr. Peabody & Sherman,2014,Comedy,61063,tt0864835
Movie,Frivolinas,2014,Comedy,61064,tt0016906
Short,The Fresh Lobster,2014,Comedy,61065,tt0168809
Movie,Rice Girl,2014,Comedy,61066,tt0329539
Movie,Before We Go,2014,Comedy,61067,tt0443465
Movie,A Long Way Down,2014,Comedy,61068,tt0458413
Movie,Kid Cannabis,2014,Comedy,61070,tt0780548
Movie,The Boxtrolls,2014,Comedy,61071,tt0787474
Movie,Rupan sansei,2014,Comedy,61072,tt0862748
Movie,Mr. Peabody & Sherman,2014,Comedy,61073,tt0864835
Movie,Frivolinas,2014,Comedy,61074,tt0016906
Short,The Fresh Lobster,2014,Comedy,61075,tt0168809
Movie,Rice Girl,2014,Comedy,61076,tt0329539
Movie,Before We Go,2014,Comedy,61077,tt0443465
Movie,A Long Way Down,2014,Comedy,61078,tt0458413
Movie,Kid Cannabis,2014,Comedy,61080,tt0780548
Movie,The Boxtrolls,2014,Comedy,61081,tt0787474
Movie,Rupan sansei,2014,Comedy,61082,tt0862748
Movie,Mr. Peabody & Sherman,2014,Comedy,61083,tt0864835
Movie,Soapte de amor,2015,Comedy,61365,tt0191476
Movie,Transeúntes,2015,Comedy,61366,tt0346045
Short,Prozac tango,2015,Comedy,61367,tt0420097
Movie,Ant-Man,2015,Comedy,61368,tt0478970
Movie,The Wedding Ringer,2015,Comedy,61369,tt0884732
Movie,Soapte de amor,2015,Comedy,61375,tt0191476
Movie,Transeúntes,2015,Comedy,61376,tt0346045
Short,Prozac tango,2015,Comedy,61377,tt0420097
Movie,Ant-Man,2015,Comedy,61378,tt0478970
Movie,The Wedding Ringer,2015,Comedy,61379,tt0884732
Movie,Soapte de amor,2015,Comedy,61385,tt0191476
Movie,Transeúntes,2015,Comedy,61386,tt0346045
Short,Prozac tango,2015,Comedy,61387,tt0420097
Movie,Ant-Man,2015,Comedy,61388,tt0478970
Movie,The Wedding Ringer,2015,Comedy,61389,tt0884732
Movie,Soapte de amor,2015,Comedy,61395,tt0191476
Movie,Transeúntes,2015,Comedy,61396,tt0346045
Short,Prozac tango,2015,Comedy,61397,tt0420097
Movie,Ant-Man,2015,Comedy,61398,tt0478970
Movie,The Wedding Ringer,2015,Comedy,61399,tt0884732
Short,The Sexlife of a Chair,2016,Comedy,61684,tt0357159
Short,Cowboys: Outrage!,2016,Comedy,61685,tt0359111
Short,Cowboys: That's Nothin',2016,Comedy,61686,tt0359113
Short,Cowboys: The Conformist,2016,Comedy,61687,tt0359114
Short,The Ten Commandments Number 5: Thou Shalt Not Kill,2016,Comedy,61688,tt0373361
Short,Nonkina tosan Yamazaki kaido,2016,Comedy,61689,tt0422842
Short,Career Day,2016,Comedy,61690,tt0461165
Movie,"Hail, Caesar!",2016,Comedy,61691,tt0475290
Movie,Have You Seen Me?,2016,Comedy,61692,tt0765453
Movie,Manhattan Minutiae,2016,Comedy,61693,tt0821486
Short,The Sexlife of a Chair,2016,Comedy,61694,tt0357159
Short,Cowboys: Outrage!,2016,Comedy,61695,tt0359111
Short,Cowboys: That's Nothin',2016,Comedy,61696,tt0359113
Short,Cowboys: The Conformist,2016,Comedy,61697,tt0359114
Short,The Ten Commandments Number 5: Thou Shalt Not Kill,2016,Comedy,61698,tt0373361
Short,Nonkina tosan Yamazaki kaido,2016,Comedy,61699,tt0422842
Short,Career Day,2016,Comedy,61700,tt0461165
Movie,"Hail, Caesar!",2016,Comedy,61701,tt0475290
Movie,Have You Seen Me?,2016,Comedy,61702,tt0765453
Movie,Manhattan Minutiae,2016,Comedy,61703,tt0821486
Short,The Sexlife of a Chair,2016,Comedy,61704,tt0357159
Short,Cowboys: Outrage!,2016,Comedy,61705,tt0359111
Short,Cowboys: That's Nothin',2016,Comedy,61706,tt0359113
Short,Cowboys: The Conformist,2016,Comedy,61707,tt0359114
Short,The Ten Commandments Number 5: Thou Shalt Not Kill,2016,Comedy,61708,tt0373361
Short,Nonkina tosan Yamazaki kaido,2016,Comedy,61709,tt0422842
Short,Career Day,2016,Comedy,61710,tt0461165
Movie,"Hail, Caesar!",2016,Comedy,61711,tt0475290
Movie,Have You Seen Me?,2016,Comedy,61712,tt0765453
Movie,Manhattan Minutiae,2016,Comedy,61713,tt0821486
Short,The Sexlife of a Chair,2016,Comedy,61714,tt0357159
Short,Cowboys: Outrage!,2016,Comedy,61715,tt0359111
Short,Cowboys: That's Nothin',2016,Comedy,61716,tt0359113
Short,Cowboys: The Conformist,2016,Comedy,61717,tt0359114
Short,The Ten Commandments Number 5: Thou Shalt Not Kill,2016,Comedy,61718,tt0373361
Short,Nonkina tosan Yamazaki kaido,2016,Comedy,61719,tt0422842
Short,Career Day,2016,Comedy,61720,tt0461165
Movie,"Hail, Caesar!",2016,Comedy,61721,tt0475290
Movie,Have You Seen Me?,2016,Comedy,61722,tt0765453
Movie,Manhattan Minutiae,2016,Comedy,61723,tt0821486
Movie,Quan jia fu,2017,Comedy,62004,tt0087963
Movie,La telenovela errante,2017,Comedy,62005,tt0100275
Movie,Joe Finds Grace,2017,Comedy,62006,tt0137204
Movie,Bunyan and Babe,2017,Comedy,62007,tt0331314
Movie,Suburbicon,2017,Comedy,62009,tt0491175
Movie,CHIPS,2017,Comedy,62010,tt0493405
Movie,Quan jia fu,2017,Comedy,62014,tt0087963
Movie,La telenovela errante,2017,Comedy,62015,tt0100275
Movie,Joe Finds Grace,2017,Comedy,62016,tt0137204
Movie,Bunyan and Babe,2017,Comedy,62017,tt0331314
Movie,Suburbicon,2017,Comedy,62019,tt0491175
Movie,CHIPS,2017,Comedy,62020,tt0493405
Movie,Quan jia fu,2017,Comedy,62024,tt0087963
Movie,La telenovela errante,2017,Comedy,62025,tt0100275
Movie,Joe Finds Grace,2017,Comedy,62026,tt0137204
Movie,Bunyan and Babe,2017,Comedy,62027,tt0331314
Movie,Suburbicon,2017,Comedy,62029,tt0491175
Movie,CHIPS,2017,Comedy,62030,tt0493405
Movie,Quan jia fu,2017,Comedy,62034,tt0087963
Movie,La telenovela errante,2017,Comedy,62035,tt0100275
Movie,Joe Finds Grace,2017,Comedy,62036,tt0137204
Movie,Bunyan and Babe,2017,Comedy,62037,tt0331314
Movie,Suburbicon,2017,Comedy,62039,tt0491175
Movie,CHIPS,2017,Comedy,62040,tt0493405
Movie,A Thin Life,2018,Comedy,62324,tt0111414
Movie,Nappily Ever After,2018,Comedy,62325,tt0365545
Movie,A Thin Life,2018,Comedy,62334,tt0111414
Movie,Nappily Ever After,2018,Comedy,62335,tt0365545
Movie,A Thin Life,2018,Comedy,62344,tt0111414
Movie,Nappily Ever After,2018,Comedy,62345,tt0365545
Movie,A Thin Life,2018,Comedy,62354,tt0111414
Movie,Nappily Ever After,2018,Comedy,62355,tt0365545
Movie,Shazam!,2019,Comedy,62644,tt0448115
Movie,The Dirt,2019,Comedy,62645,tt0800325
Movie,Shazam!,2019,Comedy,62654,tt0448115
Movie,The Dirt,2019,Comedy,62655,tt0800325
Movie,Shazam!,2019,Comedy,62664,tt0448115
Movie,The Dirt,2019,Comedy,62665,tt0800325
Movie,Shazam!,2019,Comedy,62674,tt0448115
Movie,The Dirt,2019,Comedy,62675,tt0800325
Movie,Surviving in L.A.,2020,Comedy,62964,tt0446792
Movie,The Witches,2020,Comedy,62967,tt0805647
Movie,Jak najdalej stad,2020,Comedy,62971,tt10004368
Short,Paranoia Tapes: URBAN LEGEND,2020,Comedy,62972,tt10005078
Movie,Surviving in L.A.,2020,Comedy,62974,tt0446792
Movie,The Witches,2020,Comedy,62977,tt0805647
Movie,Jak najdalej stad,2020,Comedy,62981,tt10004368
Short,Paranoia Tapes: URBAN LEGEND,2020,Comedy,62982,tt10005078
Movie,Surviving in L.A.,2020,Comedy,62984,tt0446792
Movie,The Witches,2020,Comedy,62987,tt0805647
Movie,Jak najdalej stad,2020,Comedy,62991,tt10004368
Short,Paranoia Tapes: URBAN LEGEND,2020,Comedy,62992,tt10005078
Movie,Surviving in L.A.,2020,Comedy,62994,tt0446792
Movie,The Witches,2020,Comedy,62997,tt0805647
Movie,Jak najdalej stad,2020,Comedy,63001,tt10004368
Short,Paranoia Tapes: URBAN LEGEND,2020,Comedy,63002,tt10005078
Short,The International Style,2021,Comedy,63284,tt0195838
Short,"Oak, Ivy, and Other Dead Elms",2021,Comedy,63285,tt0195957
Movie,'77,2021,Comedy,63286,tt0326716
Movie,Jungle Cruise,2021,Comedy,63288,tt0870154
Movie,F-Word,2021,Comedy,63289,tt10010852
Movie,The 10th Man,2021,Comedy,63290,tt10010874
Short,If I Only had a Name,2021,Comedy,63291,tt10020060
Short,La metafísica del asesino,2021,Comedy,63292,tt10024902
Short,The International Style,2021,Comedy,63294,tt0195838
Short,"Oak, Ivy, and Other Dead Elms",2021,Comedy,63295,tt0195957
Movie,'77,2021,Comedy,63296,tt0326716
Movie,Jungle Cruise,2021,Comedy,63298,tt0870154
Movie,F-Word,2021,Comedy,63299,tt10010852
Movie,The 10th Man,2021,Comedy,63300,tt10010874
Short,If I Only had a Name,2021,Comedy,63301,tt10020060
Short,La metafísica del asesino,2021,Comedy,63302,tt10024902
Short,The International Style,2021,Comedy,63304,tt0195838
Short,"Oak, Ivy, and Other Dead Elms",2021,Comedy,63305,tt0195957
Movie,'77,2021,Comedy,63306,tt0326716
Movie,Jungle Cruise,2021,Comedy,63308,tt0870154
Movie,F-Word,2021,Comedy,63309,tt10010852
Movie,The 10th Man,2021,Comedy,63310,tt10010874
Short,If I Only had a Name,2021,Comedy,63311,tt10020060
Short,La metafísica del asesino,2021,Comedy,63312,tt10024902
Short,The International Style,2021,Comedy,63314,tt0195838
Short,"Oak, Ivy, and Other Dead Elms",2021,Comedy,63315,tt0195957
Movie,'77,2021,Comedy,63316,tt0326716
Movie,Jungle Cruise,2021,Comedy,63318,tt0870154
Movie,F-Word,2021,Comedy,63319,tt10010852
Movie,The 10th Man,2021,Comedy,63320,tt10010874
Short,If I Only had a Name,2021,Comedy,63321,tt10020060
Short,La metafísica del asesino,2021,Comedy,63322,tt10024902
Movie,Milli Vanilli,2022,Comedy,63604,tt0965381
Movie,Laal Singh Chaddha,2022,Comedy,63605,tt10028196
Movie,MobSense,2022,Comedy,63606,tt10029484
Movie,Adventures in Game Chasing,2022,Comedy,63607,tt10035194
Movie,The Christmas Spirit,2022,Comedy,63608,tt10047464
Movie,Sneakerella,2022,Comedy,63611,tt10160886
Movie,Gap Weekend,2022,Comedy,63613,tt10193142
Movie,Milli Vanilli,2022,Comedy,63614,tt0965381
Movie,Laal Singh Chaddha,2022,Comedy,63615,tt10028196
Movie,MobSense,2022,Comedy,63616,tt10029484
Movie,Adventures in Game Chasing,2022,Comedy,63617,tt10035194
Movie,The Christmas Spirit,2022,Comedy,63618,tt10047464
Movie,Sneakerella,2022,Comedy,63621,tt10160886
Movie,Gap Weekend,2022,Comedy,63623,tt10193142
Movie,Milli Vanilli,2022,Comedy,63624,tt0965381
Movie,Laal Singh Chaddha,2022,Comedy,63625,tt10028196
Movie,MobSense,2022,Comedy,63626,tt10029484
Movie,Adventures in Game Chasing,2022,Comedy,63627,tt10035194
Movie,The Christmas Spirit,2022,Comedy,63628,tt10047464
Movie,Sneakerella,2022,Comedy,63631,tt10160886
Movie,Gap Weekend,2022,Comedy,63633,tt10193142
Movie,Milli Vanilli,2022,Comedy,63634,tt0965381
Movie,Laal Singh Chaddha,2022,Comedy,63635,tt10028196
Movie,MobSense,2022,Comedy,63636,tt10029484
Movie,Adventures in Game Chasing,2022,Comedy,63637,tt10035194
Movie,The Christmas Spirit,2022,Comedy,63638,tt10047464
Movie,Sneakerella,2022,Comedy,63641,tt10160886
Movie,Gap Weekend,2022,Comedy,63643,tt10193142
Movie,Shazam! Fury of the Gods,2023,Comedy,63925,tt10151854
Movie,Rapture Camp,2023,Comedy,63926,tt10178004
Movie,Creepers 'R Us,2023,Comedy,63929,tt10305228
Movie,Bad Boy,2023,Comedy,63930,tt10351180
Movie,Miraculous: Filmen om Ladybug & Cat Noir,2023,Comedy,63931,tt10364034
Movie,Shazam! Fury of the Gods,2023,Comedy,63935,tt10151854
Movie,Rapture Camp,2023,Comedy,63936,tt10178004
Movie,Creepers 'R Us,2023,Comedy,63939,tt10305228
Movie,Bad Boy,2023,Comedy,63940,tt10351180
Movie,Miraculous: Filmen om Ladybug & Cat Noir,2023,Comedy,63941,tt10364034
Movie,Shazam! Fury of the Gods,2023,Comedy,63945,tt10151854
Movie,Rapture Camp,2023,Comedy,63946,tt10178004
Movie,Creepers 'R Us,2023,Comedy,63949,tt10305228
Movie,Bad Boy,2023,Comedy,63950,tt10351180
Movie,Miraculous: Filmen om Ladybug & Cat Noir,2023,Comedy,63951,tt10364034
Movie,Shazam! Fury of the Gods,2023,Comedy,63955,tt10151854
Movie,Rapture Camp,2023,Comedy,63956,tt10178004
Movie,Creepers 'R Us,2023,Comedy,63959,tt10305228
Movie,Bad Boy,2023,Comedy,63960,tt10351180
Movie,Miraculous: Filmen om Ladybug & Cat Noir,2023,Comedy,63961,tt10364034
Movie,Pizzodyssey,2024,Comedy,64245,tt10408218
Movie,IF,2024,Comedy,64247,tt11152168
Movie,Pizzodyssey,2024,Comedy,64255,tt10408218
Movie,IF,2024,Comedy,64257,tt11152168
Movie,Pizzodyssey,2024,Comedy,64265,tt10408218
Movie,IF,2024,Comedy,64267,tt11152168
Movie,Pizzodyssey,2024,Comedy,64275,tt10408218
Movie,IF,2024,Comedy,64277,tt11152168
Movie,Apaföld,2009,Drama,59404,tt0143558
Movie,Rózsaszín sajt,2009,Drama,59405,tt0153140
Movie,Sanam Teri Kasam,2009,Drama,59406,tt0205380
Movie,Twice as Dead,2009,Drama,59407,tt0254832
Movie,Railed,2009,Drama,59408,tt0311698
Movie,Coraline,2009,Drama,59409,tt0327597
Movie,Mitsein,2009,Drama,59410,tt0344074
Movie,Blood and Bone,2009,Drama,59411,tt0346631
Movie,Inglourious Basterds,2009,Drama,59412,tt0361748
Movie,The Box,2009,Drama,59413,tt0362478
Movie,Apaföld,2009,Drama,59414,tt0143558
Movie,Rózsaszín sajt,2009,Drama,59415,tt0153140
Movie,Sanam Teri Kasam,2009,Drama,59416,tt0205380
Movie,Twice as Dead,2009,Drama,59417,tt0254832
Movie,Railed,2009,Drama,59418,tt0311698
Movie,Coraline,2009,Drama,59419,tt0327597
Movie,Mitsein,2009,Drama,59420,tt0344074
Movie,Blood and Bone,2009,Drama,59421,tt0346631
Movie,Inglourious Basterds,2009,Drama,59422,tt0361748
Movie,The Box,2009,Drama,59423,tt0362478
Movie,Apaföld,2009,Drama,59424,tt0143558
Movie,Rózsaszín sajt,2009,Drama,59425,tt0153140
Movie,Sanam Teri Kasam,2009,Drama,59426,tt0205380
Movie,Twice as Dead,2009,Drama,59427,tt0254832
Movie,Railed,2009,Drama,59428,tt0311698
Movie,Coraline,2009,Drama,59429,tt0327597
Movie,Mitsein,2009,Drama,59430,tt0344074
Movie,Blood and Bone,2009,Drama,59431,tt0346631
Movie,Inglourious Basterds,2009,Drama,59432,tt0361748
Movie,The Box,2009,Drama,59433,tt0362478
Movie,Apaföld,2009,Drama,59434,tt0143558
Movie,Rózsaszín sajt,2009,Drama,59435,tt0153140
Movie,Sanam Teri Kasam,2009,Drama,59436,tt0205380
Movie,Twice as Dead,2009,Drama,59437,tt0254832
Movie,Railed,2009,Drama,59438,tt0311698
Movie,Coraline,2009,Drama,59439,tt0327597
Movie,Mitsein,2009,Drama,59440,tt0344074
Movie,Blood and Bone,2009,Drama,59441,tt0346631
Movie,Inglourious Basterds,2009,Drama,59442,tt0361748
Movie,The Box,2009,Drama,59443,tt0362478
Movie,Pál Adrienn,2010,Drama,59724,tt0146592
Movie,Oda az igazság,2010,Drama,59725,tt0154039
Movie,A zöld sárkány gyermekei,2010,Drama,59726,tt0162942
Movie,The Final Journey,2010,Drama,59728,tt0230212
Movie,In My Sleep,2010,Drama,59729,tt0326965
Movie,This Wretched Life,2010,Drama,59730,tt0331312
Movie,Blind Sided,2010,Drama,59731,tt0337882
Short,Death of a Nation,2010,Drama,59732,tt0370451
Movie,Pál Adrienn,2010,Drama,59734,tt0146592
Movie,Oda az igazság,2010,Drama,59735,tt0154039
Movie,A zöld sárkány gyermekei,2010,Drama,59736,tt0162942
Movie,The Final Journey,2010,Drama,59738,tt0230212
Movie,In My Sleep,2010,Drama,59739,tt0326965
Movie,This Wretched Life,2010,Drama,59740,tt0331312
Movie,Blind Sided,2010,Drama,59741,tt0337882
Short,Death of a Nation,2010,Drama,59742,tt0370451
Movie,Pál Adrienn,2010,Drama,59744,tt0146592
Movie,Oda az igazság,2010,Drama,59745,tt0154039
Movie,A zöld sárkány gyermekei,2010,Drama,59746,tt0162942
Movie,The Final Journey,2010,Drama,59748,tt0230212
Movie,In My Sleep,2010,Drama,59749,tt0326965
Movie,This Wretched Life,2010,Drama,59750,tt0331312
Movie,Blind Sided,2010,Drama,59751,tt0337882
Short,Death of a Nation,2010,Drama,59752,tt0370451
Movie,Pál Adrienn,2010,Drama,59754,tt0146592
Movie,Oda az igazság,2010,Drama,59755,tt0154039
Movie,A zöld sárkány gyermekei,2010,Drama,59756,tt0162942
Movie,The Final Journey,2010,Drama,59758,tt0230212
Movie,In My Sleep,2010,Drama,59759,tt0326965
Movie,This Wretched Life,2010,Drama,59760,tt0331312
Movie,Blind Sided,2010,Drama,59761,tt0337882
Short,Death of a Nation,2010,Drama,59762,tt0370451
Movie,Az ember tragédiája,2011,Drama,60044,tt0176694
Movie,Los pájaros se van con la muerte,2011,Drama,60045,tt0247643
Movie,Lives No Longer Ours,2011,Drama,60047,tt0311448
Movie,The Wicker Tree,2011,Drama,60048,tt0323808
Movie,Spy,2011,Drama,60049,tt0372538
Movie,The Rum Diary,2011,Drama,60050,tt0376136
Movie,Bubbles,2011,Drama,60053,tt0406282
Movie,Az ember tragédiája,2011,Drama,60054,tt0176694
Movie,Los pájaros se van con la muerte,2011,Drama,60055,tt0247643
Movie,Lives No Longer Ours,2011,Drama,60057,tt0311448
Movie,The Wicker Tree,2011,Drama,60058,tt0323808
Movie,Spy,2011,Drama,60059,tt0372538
Movie,The Rum Diary,2011,Drama,60060,tt0376136
Movie,Bubbles,2011,Drama,60063,tt0406282
Movie,Az ember tragédiája,2011,Drama,60064,tt0176694
Movie,Los pájaros se van con la muerte,2011,Drama,60065,tt0247643
Movie,Lives No Longer Ours,2011,Drama,60067,tt0311448
Movie,The Wicker Tree,2011,Drama,60068,tt0323808
Movie,Spy,2011,Drama,60069,tt0372538
Movie,The Rum Diary,2011,Drama,60070,tt0376136
Movie,Bubbles,2011,Drama,60073,tt0406282
Movie,Az ember tragédiája,2011,Drama,60074,tt0176694
Movie,Los pájaros se van con la muerte,2011,Drama,60075,tt0247643
Movie,Lives No Longer Ours,2011,Drama,60077,tt0311448
Movie,The Wicker Tree,2011,Drama,60078,tt0323808
Movie,Spy,2011,Drama,60079,tt0372538
Movie,The Rum Diary,2011,Drama,60080,tt0376136
Movie,Bubbles,2011,Drama,60083,tt0406282
Movie,On the Road,2012,Drama,60364,tt0337692
Movie,Acorralados,2012,Drama,60367,tt0426566
Movie,Caleuche: El llamado del Mar,2012,Drama,60368,tt0433533
Movie,L'apocalisse delle scimmie,2012,Drama,60369,tt0433787
Movie,Lincoln,2012,Drama,60370,tt0443272
Movie,Life of Pi,2012,Drama,60372,tt0454876
Movie,Being Flynn,2012,Drama,60373,tt0455323
Movie,On the Road,2012,Drama,60374,tt0337692
Movie,Acorralados,2012,Drama,60377,tt0426566
Movie,Caleuche: El llamado del Mar,2012,Drama,60378,tt0433533
Movie,L'apocalisse delle scimmie,2012,Drama,60379,tt0433787
Movie,Lincoln,2012,Drama,60380,tt0443272
Movie,Life of Pi,2012,Drama,60382,tt0454876
Movie,Being Flynn,2012,Drama,60383,tt0455323
Movie,On the Road,2012,Drama,60384,tt0337692
Movie,Acorralados,2012,Drama,60387,tt0426566
Movie,Caleuche: El llamado del Mar,2012,Drama,60388,tt0433533
Movie,L'apocalisse delle scimmie,2012,Drama,60389,tt0433787
Movie,Lincoln,2012,Drama,60390,tt0443272
Movie,Life of Pi,2012,Drama,60392,tt0454876
Movie,Being Flynn,2012,Drama,60393,tt0455323
Movie,On the Road,2012,Drama,60394,tt0337692
Movie,Acorralados,2012,Drama,60397,tt0426566
Movie,Caleuche: El llamado del Mar,2012,Drama,60398,tt0433533
Movie,L'apocalisse delle scimmie,2012,Drama,60399,tt0433787
Movie,Lincoln,2012,Drama,60400,tt0443272
Movie,Life of Pi,2012,Drama,60402,tt0454876
Movie,Being Flynn,2012,Drama,60403,tt0455323
Movie,Return to Babylon,2013,Drama,60684,tt0255820
Movie,The Secret Life of Walter Mitty,2013,Drama,60685,tt0359950
Movie,In Secret,2013,Drama,60686,tt0409379
Short,In absentia,2013,Drama,60687,tt0431830
Movie,42,2013,Drama,60688,tt0453562
Movie,Without Warrant,2013,Drama,60689,tt0479700
Movie,uwantme2killhim?,2013,Drama,60690,tt0485061
Movie,Syrup,2013,Drama,60691,tt0762138
Movie,Santorini Blue,2013,Drama,60692,tt0780625
Movie,Dallas Buyers Club,2013,Drama,60693,tt0790636
Movie,Return to Babylon,2013,Drama,60694,tt0255820
Movie,The Secret Life of Walter Mitty,2013,Drama,60695,tt0359950
Movie,In Secret,2013,Drama,60696,tt0409379
Short,In absentia,2013,Drama,60697,tt0431830
Movie,42,2013,Drama,60698,tt0453562
Movie,Without Warrant,2013,Drama,60699,tt0479700
Movie,uwantme2killhim?,2013,Drama,60700,tt0485061
Movie,Syrup,2013,Drama,60701,tt0762138
Movie,Santorini Blue,2013,Drama,60702,tt0780625
Movie,Dallas Buyers Club,2013,Drama,60703,tt0790636
Movie,Return to Babylon,2013,Drama,60704,tt0255820
Movie,The Secret Life of Walter Mitty,2013,Drama,60705,tt0359950
Movie,In Secret,2013,Drama,60706,tt0409379
Short,In absentia,2013,Drama,60707,tt0431830
Movie,42,2013,Drama,60708,tt0453562
Movie,Without Warrant,2013,Drama,60709,tt0479700
Movie,uwantme2killhim?,2013,Drama,60710,tt0485061
Movie,Syrup,2013,Drama,60711,tt0762138
Movie,Santorini Blue,2013,Drama,60712,tt0780625
Movie,Dallas Buyers Club,2013,Drama,60713,tt0790636
Movie,Return to Babylon,2013,Drama,60714,tt0255820
Movie,The Secret Life of Walter Mitty,2013,Drama,60715,tt0359950
Movie,In Secret,2013,Drama,60716,tt0409379
Short,In absentia,2013,Drama,60717,tt0431830
Movie,42,2013,Drama,60718,tt0453562
Movie,Without Warrant,2013,Drama,60719,tt0479700
Movie,uwantme2killhim?,2013,Drama,60720,tt0485061
Movie,Syrup,2013,Drama,60721,tt0762138
Movie,Santorini Blue,2013,Drama,60722,tt0780625
Movie,Dallas Buyers Club,2013,Drama,60723,tt0790636
Short,Le sacre d'automne,2014,Drama,61004,tt0165933
Movie,Instruments of Darkness,2014,Drama,61005,tt0338258
Movie,A Walk Among the Tombstones,2014,Drama,61006,tt0365907
Movie,The Ninth Cloud,2014,Drama,61007,tt0424859
Movie,The Giver,2014,Drama,61008,tt0435651
Movie,Before We Go,2014,Drama,61009,tt0443465
Movie,A Long Way Down,2014,Drama,61010,tt0458413
Movie,Ex Machina,2014,Drama,61011,tt0470752
Movie,Dil Ka Sauda,2014,Drama,61012,tt0485535
Short,Le sacre d'automne,2014,Drama,61014,tt0165933
Movie,Instruments of Darkness,2014,Drama,61015,tt0338258
Movie,A Walk Among the Tombstones,2014,Drama,61016,tt0365907
Movie,The Ninth Cloud,2014,Drama,61017,tt0424859
Movie,The Giver,2014,Drama,61018,tt0435651
Movie,Before We Go,2014,Drama,61019,tt0443465
Movie,A Long Way Down,2014,Drama,61020,tt0458413
Movie,Ex Machina,2014,Drama,61021,tt0470752
Movie,Dil Ka Sauda,2014,Drama,61022,tt0485535
Short,Le sacre d'automne,2014,Drama,61024,tt0165933
Movie,Instruments of Darkness,2014,Drama,61025,tt0338258
Movie,A Walk Among the Tombstones,2014,Drama,61026,tt0365907
Movie,The Ninth Cloud,2014,Drama,61027,tt0424859
Movie,The Giver,2014,Drama,61028,tt0435651
Movie,Before We Go,2014,Drama,61029,tt0443465
Movie,A Long Way Down,2014,Drama,61030,tt0458413
Movie,Ex Machina,2014,Drama,61031,tt0470752
Movie,Dil Ka Sauda,2014,Drama,61032,tt0485535
Short,Le sacre d'automne,2014,Drama,61034,tt0165933
Movie,Instruments of Darkness,2014,Drama,61035,tt0338258
Movie,A Walk Among the Tombstones,2014,Drama,61036,tt0365907
Movie,The Ninth Cloud,2014,Drama,61037,tt0424859
Movie,The Giver,2014,Drama,61038,tt0435651
Movie,Before We Go,2014,Drama,61039,tt0443465
Movie,A Long Way Down,2014,Drama,61040,tt0458413
Movie,Ex Machina,2014,Drama,61041,tt0470752
Movie,Dil Ka Sauda,2014,Drama,61042,tt0485535
Short,Shulie,2015,Drama,61324,tt0177220
Movie,Snowblind,2015,Drama,61325,tt0297400
Movie,Chatô: O Rei do Brasil,2015,Drama,61326,tt0337926
Movie,Transeúntes,2015,Drama,61327,tt0346045
Movie,The Stanford Prison Experiment,2015,Drama,61329,tt0420293
Movie,High-Rise,2015,Drama,61330,tt0462335
Movie,The Man Who Knew Infinity,2015,Drama,61331,tt0787524
Movie,Miles Ahead,2015,Drama,61332,tt0790770
Movie,The Danish Girl,2015,Drama,61333,tt0810819
Short,Shulie,2015,Drama,61334,tt0177220
Movie,Snowblind,2015,Drama,61335,tt0297400
Movie,Chatô: O Rei do Brasil,2015,Drama,61336,tt0337926
Movie,Transeúntes,2015,Drama,61337,tt0346045
Movie,The Stanford Prison Experiment,2015,Drama,61339,tt0420293
Movie,High-Rise,2015,Drama,61340,tt0462335
Movie,The Man Who Knew Infinity,2015,Drama,61341,tt0787524
Movie,Miles Ahead,2015,Drama,61342,tt0790770
Movie,The Danish Girl,2015,Drama,61343,tt0810819
Short,Shulie,2015,Drama,61344,tt0177220
Movie,Snowblind,2015,Drama,61345,tt0297400
Movie,Chatô: O Rei do Brasil,2015,Drama,61346,tt0337926
Movie,Transeúntes,2015,Drama,61347,tt0346045
Movie,The Stanford Prison Experiment,2015,Drama,61349,tt0420293
Movie,High-Rise,2015,Drama,61350,tt0462335
Movie,The Man Who Knew Infinity,2015,Drama,61351,tt0787524
Movie,Miles Ahead,2015,Drama,61352,tt0790770
Movie,The Danish Girl,2015,Drama,61353,tt0810819
Short,Shulie,2015,Drama,61354,tt0177220
Movie,Snowblind,2015,Drama,61355,tt0297400
Movie,Chatô: O Rei do Brasil,2015,Drama,61356,tt0337926
Movie,Transeúntes,2015,Drama,61357,tt0346045
Movie,The Stanford Prison Experiment,2015,Drama,61359,tt0420293
Movie,High-Rise,2015,Drama,61360,tt0462335
Movie,The Man Who Knew Infinity,2015,Drama,61361,tt0787524
Movie,Miles Ahead,2015,Drama,61362,tt0790770
Movie,The Danish Girl,2015,Drama,61363,tt0810819
Movie,Wazir,2016,Drama,61644,tt0315642
Movie,American Pastoral,2016,Drama,61645,tt0376479
Movie,The History of Love,2016,Drama,61646,tt0443533
Movie,"Tak erkir, tsurt dzmer",2016,Drama,61647,tt0470936
Movie,"Hail, Caesar!",2016,Drama,61648,tt0475290
Movie,Silence,2016,Drama,61650,tt0490215
Movie,Nina,2016,Drama,61651,tt0493076
Movie,Retreat!,2016,Drama,61653,tt0838194
Movie,Wazir,2016,Drama,61654,tt0315642
Movie,American Pastoral,2016,Drama,61655,tt0376479
Movie,The History of Love,2016,Drama,61656,tt0443533
Movie,"Tak erkir, tsurt dzmer",2016,Drama,61657,tt0470936
Movie,"Hail, Caesar!",2016,Drama,61658,tt0475290
Movie,Silence,2016,Drama,61660,tt0490215
Movie,Nina,2016,Drama,61661,tt0493076
Movie,Retreat!,2016,Drama,61663,tt0838194
Movie,Wazir,2016,Drama,61664,tt0315642
Movie,American Pastoral,2016,Drama,61665,tt0376479
Movie,The History of Love,2016,Drama,61666,tt0443533
Movie,"Tak erkir, tsurt dzmer",2016,Drama,61667,tt0470936
Movie,"Hail, Caesar!",2016,Drama,61668,tt0475290
Movie,Silence,2016,Drama,61670,tt0490215
Movie,Nina,2016,Drama,61671,tt0493076
Movie,Retreat!,2016,Drama,61673,tt0838194
Movie,Wazir,2016,Drama,61674,tt0315642
Movie,American Pastoral,2016,Drama,61675,tt0376479
Movie,The History of Love,2016,Drama,61676,tt0443533
Movie,"Tak erkir, tsurt dzmer",2016,Drama,61677,tt0470936
Movie,"Hail, Caesar!",2016,Drama,61678,tt0475290
Movie,Silence,2016,Drama,61680,tt0490215
Movie,Nina,2016,Drama,61681,tt0493076
Movie,Retreat!,2016,Drama,61683,tt0838194
Movie,Quan jia fu,2017,Drama,61964,tt0087963
Movie,La telenovela errante,2017,Drama,61965,tt0100275
Movie,Joe Finds Grace,2017,Drama,61966,tt0137204
Short,Reading Between the Lines,2017,Drama,61967,tt0269768
Movie,The Only Living Boy in New York,2017,Drama,61968,tt0460890
Movie,Tulip Fever,2017,Drama,61969,tt0491203
Movie,Suburbicon,2017,Drama,61970,tt0491175
Movie,Rings,2017,Drama,61971,tt0498381
Movie,Caravaggio and My Mother the Pope,2017,Drama,61972,tt0825334
Movie,Krystal,2017,Drama,61973,tt0835802
Movie,Quan jia fu,2017,Drama,61974,tt0087963
Movie,La telenovela errante,2017,Drama,61975,tt0100275
Movie,Joe Finds Grace,2017,Drama,61976,tt0137204
Short,Reading Between the Lines,2017,Drama,61977,tt0269768
Movie,The Only Living Boy in New York,2017,Drama,61978,tt0460890
Movie,Tulip Fever,2017,Drama,61979,tt0491203
Movie,Suburbicon,2017,Drama,61980,tt0491175
Movie,Rings,2017,Drama,61981,tt0498381
Movie,Caravaggio and My Mother the Pope,2017,Drama,61982,tt0825334
Movie,Krystal,2017,Drama,61983,tt0835802
Movie,Quan jia fu,2017,Drama,61984,tt0087963
Movie,La telenovela errante,2017,Drama,61985,tt0100275
Movie,Joe Finds Grace,2017,Drama,61986,tt0137204
Short,Reading Between the Lines,2017,Drama,61987,tt0269768
Movie,The Only Living Boy in New York,2017,Drama,61988,tt0460890
Movie,Tulip Fever,2017,Drama,61989,tt0491203
Movie,Suburbicon,2017,Drama,61990,tt0491175
Movie,Rings,2017,Drama,61991,tt0498381
Movie,Caravaggio and My Mother the Pope,2017,Drama,61992,tt0825334
Movie,Krystal,2017,Drama,61993,tt0835802
Movie,Quan jia fu,2017,Drama,61994,tt0087963
Movie,La telenovela errante,2017,Drama,61995,tt0100275
Movie,Joe Finds Grace,2017,Drama,61996,tt0137204
Short,Reading Between the Lines,2017,Drama,61997,tt0269768
Movie,The Only Living Boy in New York,2017,Drama,61998,tt0460890
Movie,Tulip Fever,2017,Drama,61999,tt0491203
Movie,Suburbicon,2017,Drama,62000,tt0491175
Movie,Rings,2017,Drama,62001,tt0498381
Movie,Caravaggio and My Mother the Pope,2017,Drama,62002,tt0825334
Movie,Krystal,2017,Drama,62003,tt0835802
Movie,The Other Side of the Wind,2018,Drama,62284,tt0069049
Movie,Reverse Heaven,2018,Drama,62285,tt0192528
Movie,To Chase a Million,2018,Drama,62286,tt0276568
Movie,Aamaar Bhuvan,2018,Drama,62287,tt0328810
Movie,Fahrenheit 451,2018,Drama,62288,tt0360556
Movie,Nappily Ever After,2018,Drama,62289,tt0365545
Movie,A Million Little Pieces,2018,Drama,62290,tt0427543
Movie,The Other Side of the Wind,2018,Drama,62294,tt0069049
Movie,Reverse Heaven,2018,Drama,62295,tt0192528
Movie,To Chase a Million,2018,Drama,62296,tt0276568
Movie,Aamaar Bhuvan,2018,Drama,62297,tt0328810
Movie,Fahrenheit 451,2018,Drama,62298,tt0360556
Movie,Nappily Ever After,2018,Drama,62299,tt0365545
Movie,A Million Little Pieces,2018,Drama,62300,tt0427543
Movie,The Other Side of the Wind,2018,Drama,62304,tt0069049
Movie,Reverse Heaven,2018,Drama,62305,tt0192528
Movie,To Chase a Million,2018,Drama,62306,tt0276568
Movie,Aamaar Bhuvan,2018,Drama,62307,tt0328810
Movie,Fahrenheit 451,2018,Drama,62308,tt0360556
Movie,Nappily Ever After,2018,Drama,62309,tt0365545
Movie,A Million Little Pieces,2018,Drama,62310,tt0427543
Movie,The Other Side of the Wind,2018,Drama,62314,tt0069049
Movie,Reverse Heaven,2018,Drama,62315,tt0192528
Movie,To Chase a Million,2018,Drama,62316,tt0276568
Movie,Aamaar Bhuvan,2018,Drama,62317,tt0328810
Movie,Fahrenheit 451,2018,Drama,62318,tt0360556
Movie,Nappily Ever After,2018,Drama,62319,tt0365545
Movie,A Million Little Pieces,2018,Drama,62320,tt0427543
Movie,La fête espagnole,2019,Drama,62604,tt0011216
Movie,Sha Ou,2019,Drama,62605,tt0083060
Movie,Mariette in Ecstasy,2019,Drama,62606,tt0116991
Movie,Wo men fu fu zhi jian,2019,Drama,62608,tt0339917
Movie,Motherless Brooklyn,2019,Drama,62609,tt0385887
Movie,Danger Close: The Battle of Long Tan,2019,Drama,62610,tt0441881
Movie,The Last Full Measure,2019,Drama,62613,tt0783640
Movie,La fête espagnole,2019,Drama,62614,tt0011216
Movie,Sha Ou,2019,Drama,62615,tt0083060
Movie,Mariette in Ecstasy,2019,Drama,62616,tt0116991
Movie,Wo men fu fu zhi jian,2019,Drama,62618,tt0339917
Movie,Motherless Brooklyn,2019,Drama,62619,tt0385887
Movie,Danger Close: The Battle of Long Tan,2019,Drama,62620,tt0441881
Movie,The Last Full Measure,2019,Drama,62623,tt0783640
Movie,La fête espagnole,2019,Drama,62624,tt0011216
Movie,Sha Ou,2019,Drama,62625,tt0083060
Movie,Mariette in Ecstasy,2019,Drama,62626,tt0116991
Movie,Wo men fu fu zhi jian,2019,Drama,62628,tt0339917
Movie,Motherless Brooklyn,2019,Drama,62629,tt0385887
Movie,Danger Close: The Battle of Long Tan,2019,Drama,62630,tt0441881
Movie,The Last Full Measure,2019,Drama,62633,tt0783640
Movie,La fête espagnole,2019,Drama,62634,tt0011216
Movie,Sha Ou,2019,Drama,62635,tt0083060
Movie,Mariette in Ecstasy,2019,Drama,62636,tt0116991
Movie,Wo men fu fu zhi jian,2019,Drama,62638,tt0339917
Movie,Motherless Brooklyn,2019,Drama,62639,tt0385887
Movie,Danger Close: The Battle of Long Tan,2019,Drama,62640,tt0441881
Movie,The Last Full Measure,2019,Drama,62643,tt0783640
Movie,El Tango del Viudo y Su Espejo Deformante,2020,Drama,62924,tt0062336
Movie,Love & Orgasms,2020,Drama,62925,tt0383477
Movie,Surviving in L.A.,2020,Drama,62927,tt0446792
Movie,Duel of Legends,2020,Drama,62928,tt0849437
Movie,Lost Girls and Love Hotels,2020,Drama,62929,tt0920462
Movie,El Tango del Viudo y Su Espejo Deformante,2020,Drama,62934,tt0062336
Movie,Love & Orgasms,2020,Drama,62935,tt0383477
Movie,Surviving in L.A.,2020,Drama,62937,tt0446792
Movie,Duel of Legends,2020,Drama,62938,tt0849437
Movie,Lost Girls and Love Hotels,2020,Drama,62939,tt0920462
Movie,El Tango del Viudo y Su Espejo Deformante,2020,Drama,62944,tt0062336
Movie,Love & Orgasms,2020,Drama,62945,tt0383477
Movie,Surviving in L.A.,2020,Drama,62947,tt0446792
Movie,Duel of Legends,2020,Drama,62948,tt0849437
Movie,Lost Girls and Love Hotels,2020,Drama,62949,tt0920462
Movie,El Tango del Viudo y Su Espejo Deformante,2020,Drama,62954,tt0062336
Movie,Love & Orgasms,2020,Drama,62955,tt0383477
Movie,Surviving in L.A.,2020,Drama,62957,tt0446792
Movie,Duel of Legends,2020,Drama,62958,tt0849437
Movie,Lost Girls and Love Hotels,2020,Drama,62959,tt0920462
Movie,Mugen ryûkyû tsuru Henrî,2021,Drama,63244,tt0228802
Movie,'77,2021,Drama,63245,tt0326716
Movie,Zamaanat: And Justice for All,2021,Drama,63246,tt0346172
Movie,Z,2021,Drama,63248,tt0818543
Movie,Cosmic Radio,2021,Drama,63249,tt0840306
Movie,A Journal for Jordan,2021,Drama,63250,tt0995854
Movie,Kelti,2021,Drama,63251,tt10003618
Movie,Preman,2021,Drama,63253,tt10011002
Movie,Mugen ryûkyû tsuru Henrî,2021,Drama,63254,tt0228802
Movie,'77,2021,Drama,63255,tt0326716
Movie,Zamaanat: And Justice for All,2021,Drama,63256,tt0346172
Movie,Z,2021,Drama,63258,tt0818543
Movie,Cosmic Radio,2021,Drama,63259,tt0840306
Movie,A Journal for Jordan,2021,Drama,63260,tt0995854
Movie,Kelti,2021,Drama,63261,tt10003618
Movie,Preman,2021,Drama,63263,tt10011002
Movie,Mugen ryûkyû tsuru Henrî,2021,Drama,63264,tt0228802
Movie,'77,2021,Drama,63265,tt0326716
Movie,Zamaanat: And Justice for All,2021,Drama,63266,tt0346172
Movie,Z,2021,Drama,63268,tt0818543
Movie,Cosmic Radio,2021,Drama,63269,tt0840306
Movie,A Journal for Jordan,2021,Drama,63270,tt0995854
Movie,Kelti,2021,Drama,63271,tt10003618
Movie,Preman,2021,Drama,63273,tt10011002
Movie,Mugen ryûkyû tsuru Henrî,2021,Drama,63274,tt0228802
Movie,'77,2021,Drama,63275,tt0326716
Movie,Zamaanat: And Justice for All,2021,Drama,63276,tt0346172
Movie,Z,2021,Drama,63278,tt0818543
Movie,Cosmic Radio,2021,Drama,63279,tt0840306
Movie,A Journal for Jordan,2021,Drama,63280,tt0995854
Movie,Kelti,2021,Drama,63281,tt10003618
Movie,Preman,2021,Drama,63283,tt10011002
Movie,Milli Vanilli,2022,Drama,63566,tt0965381
Short,Kill Switch,2022,Drama,63567,tt10001728
Short,Siempre Yo,2022,Drama,63568,tt10003926
Movie,Laal Singh Chaddha,2022,Drama,63570,tt10028196
Movie,Darkling,2022,Drama,63571,tt10047904
Movie,Charlie Hustle,2022,Drama,63572,tt10049720
Movie,Milli Vanilli,2022,Drama,63576,tt0965381
Short,Kill Switch,2022,Drama,63577,tt10001728
Short,Siempre Yo,2022,Drama,63578,tt10003926
Movie,Laal Singh Chaddha,2022,Drama,63580,tt10028196
Movie,Darkling,2022,Drama,63581,tt10047904
Movie,Charlie Hustle,2022,Drama,63582,tt10049720
Movie,Milli Vanilli,2022,Drama,63586,tt0965381
Short,Kill Switch,2022,Drama,63587,tt10001728
Short,Siempre Yo,2022,Drama,63588,tt10003926
Movie,Laal Singh Chaddha,2022,Drama,63590,tt10028196
Movie,Darkling,2022,Drama,63591,tt10047904
Movie,Charlie Hustle,2022,Drama,63592,tt10049720
Movie,Milli Vanilli,2022,Drama,63596,tt0965381
Short,Kill Switch,2022,Drama,63597,tt10001728
Short,Siempre Yo,2022,Drama,63598,tt10003926
Movie,Laal Singh Chaddha,2022,Drama,63600,tt10028196
Movie,Darkling,2022,Drama,63601,tt10047904
Movie,Charlie Hustle,2022,Drama,63602,tt10049720
Short,Astray,2023,Drama,63890,tt10242552
Movie,Bambi,2023,Drama,63892,tt10298848
Short,Astray,2023,Drama,63900,tt10242552
Movie,Bambi,2023,Drama,63902,tt10298848
Short,Astray,2023,Drama,63910,tt10242552
Movie,Bambi,2023,Drama,63912,tt10298848
Short,Astray,2023,Drama,63920,tt10242552
Movie,Bambi,2023,Drama,63922,tt10298848
Movie,Mom's Coming,2024,Drama,64210,tt10579986
Movie,Love Song and Power,2024,Drama,64211,tt10597228
Movie,Mom's Coming,2024,Drama,64220,tt10579986
Movie,Love Song and Power,2024,Drama,64221,tt10597228
Movie,Mom's Coming,2024,Drama,64230,tt10579986
Movie,Love Song and Power,2024,Drama,64231,tt10597228
Movie,Mom's Coming,2024,Drama,64240,tt10579986
Movie,Love Song and Power,2024,Drama,64241,tt10597228
